Employee ID,Employee Name,Department,Transaction Code,Transaction Description,Transaction Category,Posting date of transaction,Transaction Date,Merchant Info DBA Name,Transaction Amount,Debit or Credit,Merchant Category Code,Merchant City,Merchant Country,Merchant Postal Code,Merchant State/Province,Conversion Rate,Amount Clean,Spend Amount,employee_total_spent,department_total_spent,merchant_median,merchant_count,merchant_q1,merchant_q3,merchant_p90,merchant_p95,merchant_iqr,mcc_median,mcc_count,mcc_q1,mcc_q3,mcc_p90,mcc_p95,mcc_iqr,global_median,global_q1,global_q3,global_p90,global_p95,global_iqr,status,flagged,flag_reason,risk_level,score_change,typical_amount,amount_ratio,baseline_used,irrelevant_keyword,score_after
E001,Sarah Chen,Operations,3001,IDOT ITAP OS OW SPRINGFILED IL,1,9/3/2025,9/2/2025,IDOT ITAP OS OW,302.92,Debit,9399.0,SPRINGFILED,USA,62764,IL,1.381820732,302.92,302.92,120204.99,153792.33,101.56,12,36.5075,137.0825,191.33,241.63349999999994,100.57500000000002,64.0,1785.0,30.16,198.21,516.5320000000003,729.6959999999999,168.05,115.36,35.69,490.205,870.0999999999998,1104.039999999999,454.515,Flagged,True,"Amount is 3.0x higher than the typical $101.56, based on same merchant.",Low,-1.0,101.56,2.98,same merchant,,79.25
E006,Maya Patel,Finance,3001,MNA*MICHELIN CANADA 877-724-2835 QC,1,9/4/2025,9/3/2025,MNA*MICHELIN CANADA,51182.84,Debit,5532.0,877-724-2835,CAN,H7T 2P6,QC,0.0,51182.84,51182.84,254325.1,258313.59,39053.81,5,32238.67,51182.84,53696.612,54534.536,18944.17,2192.15,11.0,84.28,35646.24,51182.84,53277.649999999994,35561.96,115.36,35.69,490.205,870.0999999999998,1104.039999999999,454.515,Flagged,True,"Amount is 443.7x higher than the typical $115.36, based on all transactions.",Severe,-10.0,115.36,443.68,all transactions,,70.0
E009,Noah Garcia,Sales,3001,MI SUPERLOAD WINNIPEG MB,1,9/5/2025,9/4/2025,MI SUPERLOAD,787.75,Debit,8220.0,WINNIPEG,CAN,R3H0C4,MB,0.0,787.75,787.75,158381.97,172423.22,110.5,16,59.699999999999996,180.53,261.445,419.09499999999997,120.83000000000001,112.81,17.0,62.8,172.57,254.49200000000002,394.51799999999963,109.77,115.36,35.69,490.205,870.0999999999998,1104.039999999999,454.515,Flagged,True,"Amount is 7.1x higher than the typical $110.50, based on same merchant.",Severe,-10.0,110.5,7.13,same merchant,,71.25
E002,John Miller,Human Resources,3001,BC PERMIT CENTRE VICTORIA BC,1,9/8/2025,9/4/2025,BC PERMIT CENTRE,209.0,Debit,9399.0,VICTORIA,CAN,V8W9T5,BC,0.0,209.0,209.0,165219.8,154899.96,30.0,47,30.0,59.0,130.6,184.8999999999998,29.0,64.0,1785.0,30.16,198.21,516.5320000000003,729.6959999999999,168.05,115.36,35.69,490.205,870.0999999999998,1104.039999999999,454.515,Flagged,True,"Amount is 7.0x higher than the typical $30.00, based on same merchant.",Medium,-3.0,30.0,6.97,same merchant,,79.5
E007,Lucas Brown,Sales,3001,SUNCO COMMUNICATION AN EDMONTON AB,1,9/8/2025,9/6/2025,SUNCO COMMUNICATION AN,4971.0,Debit,5045.0,EDMONTON,CAN,T5S 2X4,AB,0.0,4971.0,4971.0,144055.28,172423.22,5009.03,3,4990.014999999999,5009.03,5009.03,5009.03,19.015000000000327,5009.03,3.0,4990.014999999999,5009.03,5009.03,5009.03,19.015000000000327,115.36,35.69,490.205,870.0999999999998,1104.039999999999,454.515,Flagged,True,"Amount is 43.1x higher than the typical $115.36, based on all transactions.",Severe,-10.0,115.36,43.09,all transactions,,71.5
E004,Emma Wilson,Human Resources,3001,CCD ORION FEE SALEM OR,1,9/9/2025,9/8/2025,CCD ORION FEE,12.38,Debit,9399.0,SALEM,USA,973015397,OR,1.385321101,12.38,12.38,114400.93,154899.96,2.7550000000000003,10,0.27,7.949999999999999,10.570999999999998,11.475499999999998,7.68,64.0,1785.0,30.16,198.21,516.5320000000003,729.6959999999999,168.05,115.36,35.69,490.205,870.0999999999998,1104.039999999999,454.515,Flagged,True,"Amount is 4.5x higher than the typical $2.76, based on same merchant.",Low,-1.0,2.76,4.49,same merchant,,82.75
E007,Lucas Brown,Product,3001,VCN*IDAHODOT BOISE ID,1,9/10/2025,9/9/2025,VCN*IDAHODOT,247.55,Debit,9399.0,BOISE,USA,83703,ID,1.384805046,247.55,247.55,144055.28,130828.39,86.99,47,64.055,131.06,202.62999999999997,239.34499999999989,67.005,64.0,1785.0,30.16,198.21,516.5320000000003,729.6959999999999,168.05,115.36,35.69,490.205,870.0999999999998,1104.039999999999,454.515,Flagged,True,"Amount is 2.8x higher than the typical $86.99, based on same merchant.",Low,-1.0,86.99,2.85,same merchant,,71.0
E010,Sophia Lee,Human Resources,3001,AMZN Mktp CA*IH9VH1PN3 866-216-1072 ON,1,9/10/2025,9/10/2025,AMZN Mktp CA*IH9VH1PN3,318.42,Debit,4816.0,866-216-1072,CAN,M5J 2T3,ON,0.0,318.42,318.42,134355.43,154899.96,318.42,1,318.42,318.42,318.42,318.42,0.0,39.33,106.0,24.557499999999997,96.14750000000001,157.495,437.7975,71.59,115.36,35.69,490.205,870.0999999999998,1104.039999999999,454.515,Flagged,True,"Amount is 8.1x higher than the typical $39.33, based on same merchant category.",Medium,-3.0,39.33,8.1,same merchant category,,79.25
E007,Lucas Brown,Sales,3001,RELIABLE PERMIT SOLUTI TARZANA CA,1,9/19/2025,9/18/2025,RELIABLE PERMIT SOLUTI,607.05,Debit,7399.0,TARZANA,USA,91356,CA,1.377302326,607.05,607.05,144055.28,172423.22,143.92,15,72.555,148.14999999999998,424.8299999999998,607.05,75.59499999999997,147.63,29.0,118.48,523.92,543.918,583.5059999999999,405.43999999999994,115.36,35.69,490.205,870.0999999999998,1104.039999999999,454.515,Flagged,True,"Amount is 4.2x higher than the typical $143.92, based on same merchant.",Medium,-3.0,143.92,4.22,same merchant,,71.75
E007,Lucas Brown,Engineering,3001,AMZN Mktp CA*CY9YY8D73 866-216-1072 ON,1,9/19/2025,9/19/2025,AMZN Mktp CA*CY9YY8D73,206.38,Debit,4816.0,866-216-1072,CAN,M5J 2T3,ON,0.0,206.38,206.38,144055.28,268268.41,206.38,1,206.38,206.38,206.38,206.38,0.0,39.33,106.0,24.557499999999997,96.14750000000001,157.495,437.7975,71.59,115.36,35.69,490.205,870.0999999999998,1104.039999999999,454.515,Flagged,True,"Amount is 5.2x higher than the typical $39.33, based on same merchant category.",Low,-1.0,39.33,5.25,same merchant category,,70.75
E007,Lucas Brown,Sales,3001,RELIABLE PERMIT SOLUTI TARZANA CA,1,9/19/2025,9/18/2025,RELIABLE PERMIT SOLUTI,607.05,Debit,7399.0,TARZANA,USA,91356,CA,1.377302326,607.05,607.05,144055.28,172423.22,143.92,15,72.555,148.14999999999998,424.8299999999998,607.05,75.59499999999997,147.63,29.0,118.48,523.92,543.918,583.5059999999999,405.43999999999994,115.36,35.69,490.205,870.0999999999998,1104.039999999999,454.515,Flagged,True,"Amount is 4.2x higher than the typical $143.92, based on same merchant.",Medium,-3.0,143.92,4.22,same merchant,,67.75
E009,Noah Garcia,Engineering,3001,YG TRANSPORT SERVICES WHITEHORSE YT,1,9/22/2025,9/20/2025,YG TRANSPORT SERVICES,1153.25,Debit,9399.0,WHITEHORSE,CAN,Y1A2C6,YT,0.0,1153.25,1153.25,158381.97,268268.41,286.4,7,44.415,1265.04,1380.79,1383.76,1220.625,64.0,1785.0,30.16,198.21,516.5320000000003,729.6959999999999,168.05,115.36,35.69,490.205,870.0999999999998,1104.039999999999,454.515,Flagged,True,"Amount is 18.0x higher than the typical $64.00, based on same merchant category.",High,-6.0,64.0,18.02,same merchant category,,72.75
E010,Sophia Lee,Finance,3001,KILRICH INDUSTRIES 867-668-5958 YT,1,9/23/2025,9/22/2025,KILRICH INDUSTRIES,1581.97,Debit,5211.0,867-668-5958,CAN,Y1A 5S7,YT,0.0,1581.97,1581.97,134355.43,258313.59,1581.97,1,1581.97,1581.97,1581.97,1581.97,0.0,667.85,7.0,167.55,1152.21,1621.182,1650.591,984.6600000000001,115.36,35.69,490.205,870.0999999999998,1104.039999999999,454.515,Flagged,True,"Amount is 13.7x higher than the typical $115.36, based on all transactions.",Medium,-3.0,115.36,13.71,all transactions,,81.75
E001,Sarah Chen,Operations,3001,JACKSON LUMBER SALES L EDMONTON AB,1,9/24/2025,9/23/2025,JACKSON LUMBER SALES L,1680.0,Debit,5211.0,EDMONTON,CAN,T6W0T4,AB,0.0,1680.0,1680.0,120204.99,153792.33,1680.0,1,1680.0,1680.0,1680.0,1680.0,0.0,667.85,7.0,167.55,1152.21,1621.182,1650.591,984.6600000000001,115.36,35.69,490.205,870.0999999999998,1104.039999999999,454.515,Flagged,True,"Amount is 14.6x higher than the typical $115.36, based on all transactions.",Medium,-3.0,115.36,14.56,all transactions,,84.75
E001,Sarah Chen,Sales,3001,IN *RC CRANE 867-6335755 YT,1,9/24/2025,9/23/2025,IN *RC CRANE,3833.84,Debit,8999.0,867-6335755,CAN,Y1A 5Y9,YT,0.0,3833.84,3833.84,120204.99,172423.22,3833.84,1,3833.84,3833.84,3833.84,3833.84,0.0,689.76,11.0,336.45,847.86,1700.0,2766.92,511.41,115.36,35.69,490.205,870.0999999999998,1104.039999999999,454.515,Flagged,True,"Amount is 33.2x higher than the typical $115.36, based on all transactions.",Severe,-10.0,115.36,33.23,all transactions,,74.75
E001,Sarah Chen,Product,3001,AMZN Mktp CA*WH2T93TG3 866-216-1072 ON,1,9/25/2025,9/25/2025,AMZN Mktp CA*WH2T93TG3,212.28,Debit,4816.0,866-216-1072,CAN,M5J 2T3,ON,0.0,212.28,212.28,120204.99,130828.39,212.28,1,212.28,212.28,212.28,212.28,0.0,39.33,106.0,24.557499999999997,96.14750000000001,157.495,437.7975,71.59,115.36,35.69,490.205,870.0999999999998,1104.039999999999,454.515,Flagged,True,"Amount is 5.4x higher than the typical $39.33, based on same merchant category.",Low,-1.0,39.33,5.4,same merchant category,,74.25
E007,Lucas Brown,Sales,3001,SQ *2429188 ALBERTA LT EDMONTON AB,1,9/29/2025,9/26/2025,SQ *2429188 ALBERTA LT,1700.0,Debit,8999.0,EDMONTON,CAN,T5H 3S9,AB,0.0,1700.0,1700.0,144055.28,172423.22,835.0,4,659.25,1149.5,1479.8000000000002,1589.8999999999996,490.25,689.76,11.0,336.45,847.86,1700.0,2766.92,511.41,115.36,35.69,490.205,870.0999999999998,1104.039999999999,454.515,Flagged,True,"Amount is 14.7x higher than the typical $115.36, based on all transactions.",Medium,-3.0,115.36,14.74,all transactions,,68.75
E006,Maya Patel,Marketing,3001,OKC SIZE & WEIGHTS PER OKLAHOMA CITY OK,1,9/29/2025,9/28/2025,OKC SIZE & WEIGHTS PER,2295.04,Debit,9399.0,OKLAHOMA CITY,USA,73105,OK,1.396201237,2295.04,2295.04,254325.1,190018.44,383.21500000000003,100,62.915,897.825,2284.4880000000003,2326.777,834.9100000000001,64.0,1785.0,30.16,198.21,516.5320000000003,729.6959999999999,168.05,115.36,35.69,490.205,870.0999999999998,1104.039999999999,454.515,Flagged,True,"Amount is 6.0x higher than the typical $383.22, based on same merchant.",Low,-1.0,383.22,5.99,same merchant,,78.75
E005,Daniel Kim,Sales,3001,LAKELAND TOWING PRINCE ALBERT SK,1,9/29/2025,9/26/2025,LAKELAND TOWING,1872.08,Debit,7549.0,PRINCE ALBERT,CAN,S6V 5S7,SK,0.0,1872.08,1872.08,128756.43,172423.22,1872.08,1,1872.08,1872.08,1872.08,1872.08,0.0,928.4449999999999,8.0,448.7625,1408.8200000000002,1902.866,1938.783,960.0575000000001,115.36,35.69,490.205,870.0999999999998,1104.039999999999,454.515,Flagged,True,"Amount is 16.2x higher than the typical $115.36, based on all transactions.",High,-6.0,115.36,16.23,all transactions,,86.75
E005,Daniel Kim,Product,3001,NDHP-E PERMIT 701-328-2426 ND,1,9/29/2025,9/28/2025,NDHP-E PERMIT,533.97,Debit,9399.0,701-328-2426,USA,58505,ND,1.396199614,533.97,533.97,128756.43,130828.39,40.075,134,39.61,79.7775,452.40600000000006,583.7589999999999,40.167500000000004,64.0,1785.0,30.16,198.21,516.5320000000003,729.6959999999999,168.05,115.36,35.69,490.205,870.0999999999998,1104.039999999999,454.515,Flagged,True,"Amount is 13.3x higher than the typical $40.08, based on same merchant.",Low,-1.0,40.08,13.32,same merchant,,85.75
E004,Emma Wilson,Sales,3001,SD DEPT OF TRANS OPS PIERRE SD,1,9/29/2025,9/26/2025,SD DEPT OF TRANS OPS,972.49,Debit,9399.0,PIERRE,USA,57501,SD,1.393303473,972.49,972.49,114400.93,172423.22,114.37,131,35.99,178.535,502.5,652.2,142.545,64.0,1785.0,30.16,198.21,516.5320000000003,729.6959999999999,168.05,115.36,35.69,490.205,870.0999999999998,1104.039999999999,454.515,Flagged,True,"Amount is 8.5x higher than the typical $114.37, based on same merchant.",High,-6.0,114.37,8.5,same merchant,,87.5
E004,Emma Wilson,Sales,3001,DOTD TRUCK PERMIT OFFI BATON ROUGE LA,1,10/1/2025,9/30/2025,DOTD TRUCK PERMIT OFFI,903.56,Debit,9399.0,BATON ROUGE,USA,708024438,LA,1.39370751,903.56,903.56,114400.93,172423.22,666.24,3,361.40500000000003,784.9,856.096,879.828,423.49499999999995,64.0,1785.0,30.16,198.21,516.5320000000003,729.6959999999999,168.05,115.36,35.69,490.205,870.0999999999998,1104.039999999999,454.515,Flagged,True,"Amount is 14.1x higher than the typical $64.00, based on same merchant category.",Medium,-3.0,64.0,14.12,same merchant category,,85.0
E001,Sarah Chen,Product,3001,SD DEPT OF TRANS OPS PIERRE SD,1,10/1/2025,9/30/2025,SD DEPT OF TRANS OPS,960.58,Debit,9399.0,PIERRE,USA,57501,SD,1.394900572,960.58,960.58,120204.99,130828.39,114.37,131,35.99,178.535,502.5,652.2,142.545,64.0,1785.0,30.16,198.21,516.5320000000003,729.6959999999999,168.05,115.36,35.69,490.205,870.0999999999998,1104.039999999999,454.515,Flagged,True,"Amount is 8.4x higher than the typical $114.37, based on same merchant.",High,-6.0,114.37,8.4,same merchant,,70.25
E009,Noah Garcia,Finance,3001,RIGHT NETWORKS HUDSON NH,1,10/1/2025,9/30/2025,RIGHT NETWORKS,486.13,Debit,4816.0,HUDSON,USA,03051,NH,1.394911765,486.13,486.13,158381.97,258313.59,488.03999999999996,6,486.1625,520.0675,531.98,532.895,33.90499999999997,39.33,106.0,24.557499999999997,96.14750000000001,157.495,437.7975,71.59,115.36,35.69,490.205,870.0999999999998,1104.039999999999,454.515,Flagged,True,"Amount is 12.4x higher than the typical $39.33, based on same merchant category.",Medium,-3.0,39.33,12.36,same merchant category,,75.0
E008,Olivia Smith,Product,3001,NDHP-E PERMIT 701-328-2426 ND,1,10/1/2025,10/1/2025,NDHP-E PERMIT,533.48,Debit,9399.0,701-328-2426,USA,58505,ND,1.394913165,533.48,533.48,164813.65,130828.39,40.075,134,39.61,79.7775,452.40600000000006,583.7589999999999,40.167500000000004,64.0,1785.0,30.16,198.21,516.5320000000003,729.6959999999999,168.05,115.36,35.69,490.205,870.0999999999998,1104.039999999999,454.515,Flagged,True,"Amount is 13.3x higher than the typical $40.08, based on same merchant.",Low,-1.0,40.08,13.31,same merchant,,89.5
E008,Olivia Smith,Customer Success,3001,OKC SIZE & WEIGHTS PER OKLAHOMA CITY OK,1,10/6/2025,10/4/2025,OKC SIZE & WEIGHTS PER,2298.16,Debit,9399.0,OKLAHOMA CITY,USA,73105,OK,1.398103113,2298.16,2298.16,164813.65,183167.22,383.21500000000003,100,62.915,897.825,2284.4880000000003,2326.777,834.9100000000001,64.0,1785.0,30.16,198.21,516.5320000000003,729.6959999999999,168.05,115.36,35.69,490.205,870.0999999999998,1104.039999999999,454.515,Flagged,True,"Amount is 6.0x higher than the typical $383.22, based on same merchant.",Low,-1.0,383.22,6.0,same merchant,,91.5
E009,Noah Garcia,Human Resources,3001,NDHP-E PERMIT 701-328-2426 ND,1,10/8/2025,10/8/2025,NDHP-E PERMIT,494.57,Debit,9399.0,701-328-2426,USA,58505,ND,1.398093417,494.57,494.57,158381.97,154899.96,40.075,134,39.61,79.7775,452.40600000000006,583.7589999999999,40.167500000000004,64.0,1785.0,30.16,198.21,516.5320000000003,729.6959999999999,168.05,115.36,35.69,490.205,870.0999999999998,1104.039999999999,454.515,Flagged,True,"Amount is 12.3x higher than the typical $40.08, based on same merchant.",Low,-1.0,40.08,12.34,same merchant,,77.0
E006,Maya Patel,Human Resources,3001,AB TRANSP 403-340-5075 EDMONTON AB,1,10/8/2025,10/6/2025,AB TRANSP 403-340-5075,940.0,Debit,9399.0,EDMONTON,CAN,T5K2C3,AB,0.0,940.0,940.0,254325.1,154899.96,130.0,158,39.75,366.75,656.5,940.0,327.0,64.0,1785.0,30.16,198.21,516.5320000000003,729.6959999999999,168.05,115.36,35.69,490.205,870.0999999999998,1104.039999999999,454.515,Flagged,True,"Amount is 7.2x higher than the typical $130.00, based on same merchant.",Low,-1.0,130.0,7.23,same merchant,,82.25
E006,Maya Patel,Operations,3001,AB TRANSP 403-340-5075 EDMONTON AB,1,10/8/2025,10/6/2025,AB TRANSP 403-340-5075,940.0,Debit,9399.0,EDMONTON,CAN,T5K2C3,AB,0.0,940.0,940.0,254325.1,153792.33,130.0,158,39.75,366.75,656.5,940.0,327.0,64.0,1785.0,30.16,198.21,516.5320000000003,729.6959999999999,168.05,115.36,35.69,490.205,870.0999999999998,1104.039999999999,454.515,Flagged,True,"Amount is 7.2x higher than the typical $130.00, based on same merchant.",Low,-1.0,130.0,7.23,same merchant,,81.25
E007,Lucas Brown,Product,3001,BB OF OAKLEY #2 OAKLEY KS,1,10/10/2025,10/9/2025,BB OF OAKLEY #2,292.27,Debit,7542.0,OAKLEY,USA,677486061,KS,1.397402597,292.27,292.27,144055.28,130828.39,132.92000000000002,8,121.475,165.5575,250.26999999999998,271.27,44.08250000000001,131.29,115.0,96.215,189.32,240.52400000000006,309.791,93.10499999999999,115.36,35.69,490.205,870.0999999999998,1104.039999999999,454.515,Flagged,True,"Amount is 2.2x higher than the typical $132.92, based on same merchant.",Low,-1.0,132.92,2.2,same merchant,,77.0
E002,John Miller,Human Resources,3001,SPEEDWAY 10800 E. NORT YUMA AZ,1,10/14/2025,10/13/2025,SPEEDWAY 10800 E. NORT,720.11,Debit,5542.0,YUMA,USA,85364,AZ,1.403696304,720.11,720.11,165219.8,154899.96,720.11,1,720.11,720.11,720.11,720.11,0.0,114.36,91.0,22.92,251.435,508.35,628.595,228.515,115.36,35.69,490.205,870.0999999999998,1104.039999999999,454.515,Flagged,True,"Amount is 6.3x higher than the typical $114.36, based on same merchant category.",Medium,-3.0,114.36,6.3,same merchant category,,94.0
E007,Lucas Brown,Engineering,3001,BC PERMIT CENTRE VICTORIA BC,1,10/15/2025,10/13/2025,BC PERMIT CENTRE,152.0,Debit,9399.0,VICTORIA,CAN,V8W9T5,BC,0.0,152.0,152.0,144055.28,268268.41,30.0,47,30.0,59.0,130.6,184.8999999999998,29.0,64.0,1785.0,30.16,198.21,516.5320000000003,729.6959999999999,168.05,115.36,35.69,490.205,870.0999999999998,1104.039999999999,454.515,Flagged,True,"Amount is 5.1x higher than the typical $30.00, based on same merchant.",Low,-1.0,30.0,5.07,same merchant,,77.25
E001,Sarah Chen,Sales,3001,BRANDT TRACTOR WHITBY ON,1,10/15/2025,10/14/2025,BRANDT TRACTOR,1513.58,Debit,5599.0,WHITBY,CAN,L1N 2C2,ON,0.0,1513.58,1513.58,120204.99,172423.22,1513.58,1,1513.58,1513.58,1513.58,1513.58,0.0,111.255,6.0,39.589999999999996,464.4475,1037.065,1275.3225,424.8575,115.36,35.69,490.205,870.0999999999998,1104.039999999999,454.515,Flagged,True,"Amount is 13.1x higher than the typical $115.36, based on all transactions.",Medium,-3.0,115.36,13.12,all transactions,,74.25
E009,Noah Garcia,Customer Success,3001,BC PERMIT CENTRE VICTORIA BC,1,10/16/2025,10/14/2025,BC PERMIT CENTRE,248.0,Debit,9399.0,VICTORIA,CAN,V8W9T5,BC,0.0,248.0,248.0,158381.97,183167.22,30.0,47,30.0,59.0,130.6,184.8999999999998,29.0,64.0,1785.0,30.16,198.21,516.5320000000003,729.6959999999999,168.05,115.36,35.69,490.205,870.0999999999998,1104.039999999999,454.515,Flagged,True,"Amount is 8.3x higher than the typical $30.00, based on same merchant.",High,-6.0,30.0,8.27,same merchant,,74.75
E008,Olivia Smith,Finance,3001,SD DEPT OF TRANS OPS PIERRE SD,1,10/17/2025,10/16/2025,SD DEPT OF TRANS OPS,785.62,Debit,9399.0,PIERRE,USA,57501,SD,1.40560069,785.62,785.62,164813.65,258313.59,114.37,131,35.99,178.535,502.5,652.2,142.545,64.0,1785.0,30.16,198.21,516.5320000000003,729.6959999999999,168.05,115.36,35.69,490.205,870.0999999999998,1104.039999999999,454.515,Flagged,True,"Amount is 6.9x higher than the typical $114.37, based on same merchant.",Medium,-3.0,114.37,6.87,same merchant,,95.75
E008,Olivia Smith,Finance,3001,NDHP-E PERMIT BISMARCK ND,1,10/20/2025,10/19/2025,NDHP-E PERMIT,682.24,Debit,9399.0,BISMARCK,USA,58505,ND,1.406296218,682.24,682.24,164813.65,258313.59,40.075,134,39.61,79.7775,452.40600000000006,583.7589999999999,40.167500000000004,64.0,1785.0,30.16,198.21,516.5320000000003,729.6959999999999,168.05,115.36,35.69,490.205,870.0999999999998,1104.039999999999,454.515,Flagged,True,"Amount is 17.0x higher than the typical $40.08, based on same merchant.",Medium,-3.0,40.08,17.02,same merchant,,93.25
E009,Noah Garcia,Finance,3001,OKC SIZE & WEIGHTS PER OKLAHOMA CITY OK,1,10/20/2025,10/17/2025,OKC SIZE & WEIGHTS PER,2326.63,Debit,9399.0,OKLAHOMA CITY,USA,73105,OK,1.406299564,2326.63,2326.63,158381.97,258313.59,383.21500000000003,100,62.915,897.825,2284.4880000000003,2326.777,834.9100000000001,64.0,1785.0,30.16,198.21,516.5320000000003,729.6959999999999,168.05,115.36,35.69,490.205,870.0999999999998,1104.039999999999,454.515,Flagged,True,"Amount is 6.1x higher than the typical $383.22, based on same merchant.",Low,-1.0,383.22,6.07,same merchant,,75.25
E001,Sarah Chen,Sales,3001,OHIO CAT 04 GIRARD OH,1,10/20/2025,10/17/2025,OHIO CAT 04,260.09,Debit,5046.0,GIRARD,USA,44420,OH,1.406284638,260.09,260.09,120204.99,172423.22,260.09,1,260.09,260.09,260.09,260.09,0.0,20.87,70.0,20.724999999999998,21.135,21.724000000000004,25.319,0.4100000000000037,115.36,35.69,490.205,870.0999999999998,1104.039999999999,454.515,Flagged,True,"Amount is 12.5x higher than the typical $20.87, based on same merchant category.",Severe,-10.0,20.87,12.46,same merchant category,,66.25
E002,John Miller,Marketing,3001,AB TRANSP 403-340-5075 EDMONTON AB,1,10/21/2025,10/19/2025,AB TRANSP 403-340-5075,932.0,Debit,9399.0,EDMONTON,CAN,T5K2C3,AB,0.0,932.0,932.0,165219.8,190018.44,130.0,158,39.75,366.75,656.5,940.0,327.0,64.0,1785.0,30.16,198.21,516.5320000000003,729.6959999999999,168.05,115.36,35.69,490.205,870.0999999999998,1104.039999999999,454.515,Flagged,True,"Amount is 7.2x higher than the typical $130.00, based on same merchant.",Low,-1.0,130.0,7.17,same merchant,,98.0
E009,Noah Garcia,Finance,3001,BC PERMIT CENTRE VICTORIA BC,1,10/22/2025,10/20/2025,BC PERMIT CENTRE,199.0,Debit,9399.0,VICTORIA,CAN,V8W9T5,BC,0.0,199.0,199.0,158381.97,258313.59,30.0,47,30.0,59.0,130.6,184.8999999999998,29.0,64.0,1785.0,30.16,198.21,516.5320000000003,729.6959999999999,168.05,115.36,35.69,490.205,870.0999999999998,1104.039999999999,454.515,Flagged,True,"Amount is 6.6x higher than the typical $30.00, based on same merchant.",Medium,-3.0,30.0,6.63,same merchant,,74.25
E009,Noah Garcia,Marketing,3001,ODOT CCD SALEM OR,1,10/22/2025,10/20/2025,ODOT CCD,606.81,Debit,9399.0,SALEM,USA,973015397,OR,1.407001616,606.81,606.81,158381.97,190018.44,593.94,2,587.505,600.375,604.236,605.5229999999999,12.870000000000005,64.0,1785.0,30.16,198.21,516.5320000000003,729.6959999999999,168.05,115.36,35.69,490.205,870.0999999999998,1104.039999999999,454.515,Flagged,True,"Amount is 9.5x higher than the typical $64.00, based on same merchant category.",Low,-1.0,64.0,9.48,same merchant category,,73.25
E006,Maya Patel,Finance,3001,MNA*MICHELIN CANADA LAVAL QC,1,10/22/2025,10/21/2025,MNA*MICHELIN CANADA,55372.46,Debit,5532.0,LAVAL,CAN,H7T 2P6,QC,0.0,55372.46,55372.46,254325.1,258313.59,39053.81,5,32238.67,51182.84,53696.612,54534.536,18944.17,2192.15,11.0,84.28,35646.24,51182.84,53277.649999999994,35561.96,115.36,35.69,490.205,870.0999999999998,1104.039999999999,454.515,Flagged,True,"Amount is 480.0x higher than the typical $115.36, based on all transactions.",Severe,-10.0,115.36,480.0,all transactions,,76.75
E001,Sarah Chen,Customer Success,3001,SATURN SAFETY LTD. EDMONTON AB,1,10/23/2025,10/22/2025,SATURN SAFETY LTD.,568.63,Debit,5046.0,EDMONTON,CAN,T5S1V4,AB,0.0,568.63,568.63,120204.99,183167.22,568.63,1,568.63,568.63,568.63,568.63,0.0,20.87,70.0,20.724999999999998,21.135,21.724000000000004,25.319,0.4100000000000037,115.36,35.69,490.205,870.0999999999998,1104.039999999999,454.515,Flagged,True,"Amount is 27.2x higher than the typical $20.87, based on same merchant category.",Severe,-10.0,20.87,27.25,same merchant category,,57.0
E010,Sophia Lee,Engineering,3001,SD DEPT OF TRANS OPS PIERRE SD,1,10/24/2025,10/23/2025,SD DEPT OF TRANS OPS,573.61,Debit,9399.0,PIERRE,USA,57501,SD,1.403506132,573.61,573.61,134355.43,268268.41,114.37,131,35.99,178.535,502.5,652.2,142.545,64.0,1785.0,30.16,198.21,516.5320000000003,729.6959999999999,168.05,115.36,35.69,490.205,870.0999999999998,1104.039999999999,454.515,Flagged,True,"Amount is 5.0x higher than the typical $114.37, based on same merchant.",Low,-1.0,114.37,5.02,same merchant,,97.0
E001,Sarah Chen,Marketing,3001,SP UNCLEWIENERS EDMONTON AB,1,10/24/2025,10/23/2025,SP UNCLEWIENERS,1416.58,Debit,5199.0,EDMONTON,CAN,T5V 1R9,AB,0.0,1416.58,1416.58,120204.99,190018.44,1416.58,1,1416.58,1416.58,1416.58,1416.58,0.0,1416.58,1.0,1416.58,1416.58,1416.58,1416.58,0.0,115.36,35.69,490.205,870.0999999999998,1104.039999999999,454.515,Flagged,True,"Amount is 12.3x higher than the typical $115.36, based on all transactions.",Medium,-3.0,115.36,12.28,all transactions,,55.25
E007,Lucas Brown,Sales,3001,SD DEPT OF TRANS OPS PIERRE SD,1,10/24/2025,10/23/2025,SD DEPT OF TRANS OPS,858.23,Debit,9399.0,PIERRE,USA,57501,SD,1.40349995,858.23,858.23,144055.28,172423.22,114.37,131,35.99,178.535,502.5,652.2,142.545,64.0,1785.0,30.16,198.21,516.5320000000003,729.6959999999999,168.05,115.36,35.69,490.205,870.0999999999998,1104.039999999999,454.515,Flagged,True,"Amount is 7.5x higher than the typical $114.37, based on same merchant.",High,-6.0,114.37,7.5,same merchant,,77.25
E008,Olivia Smith,Human Resources,3001,AB TRANSP 403-340-5075 EDMONTON AB,1,10/27/2025,10/24/2025,AB TRANSP 403-340-5075,1063.0,Debit,9399.0,EDMONTON,CAN,T5K2C3,AB,0.0,1063.0,1063.0,164813.65,154899.96,130.0,158,39.75,366.75,656.5,940.0,327.0,64.0,1785.0,30.16,198.21,516.5320000000003,729.6959999999999,168.05,115.36,35.69,490.205,870.0999999999998,1104.039999999999,454.515,Flagged,True,"Amount is 8.2x higher than the typical $130.00, based on same merchant.",Medium,-3.0,130.0,8.18,same merchant,,97.0
E005,Daniel Kim,Human Resources,3001,OKC SIZE & WEIGHTS PER OKLAHOMA CITY OK,1,10/27/2025,10/24/2025,OKC SIZE & WEIGHTS PER,2532.54,Debit,9399.0,OKLAHOMA CITY,USA,73105,OK,1.404101882,2532.54,2532.54,128756.43,154899.96,383.21500000000003,100,62.915,897.825,2284.4880000000003,2326.777,834.9100000000001,64.0,1785.0,30.16,198.21,516.5320000000003,729.6959999999999,168.05,115.36,35.69,490.205,870.0999999999998,1104.039999999999,454.515,Flagged,True,"Amount is 6.6x higher than the typical $383.22, based on same merchant.",Low,-1.0,383.22,6.61,same merchant,,99.0
E008,Olivia Smith,Marketing,3001,FLYING J 656 WHITELAND IN,1,10/27/2025,10/24/2025,FLYING J 656,624.05,Debit,5542.0,WHITELAND,USA,46184,IN,1.400800681,624.05,624.05,164813.65,190018.44,648.915,2,636.4825,661.3475,668.807,671.2935,24.86500000000001,114.36,91.0,22.92,251.435,508.35,628.595,228.515,115.36,35.69,490.205,870.0999999999998,1104.039999999999,454.515,Flagged,True,"Amount is 5.5x higher than the typical $114.36, based on same merchant category.",Low,-1.0,114.36,5.46,same merchant category,,96.25
E004,Emma Wilson,Sales,3001,NDHP-E PERMIT BISMARCK ND,1,10/27/2025,10/25/2025,NDHP-E PERMIT,862.93,Debit,9399.0,BISMARCK,USA,58505,ND,1.400798669,862.93,862.93,114400.93,172423.22,40.075,134,39.61,79.7775,452.40600000000006,583.7589999999999,40.167500000000004,64.0,1785.0,30.16,198.21,516.5320000000003,729.6959999999999,168.05,115.36,35.69,490.205,870.0999999999998,1104.039999999999,454.515,Flagged,True,"Amount is 21.5x higher than the typical $40.08, based on same merchant.",High,-6.0,40.08,21.53,same merchant,,94.0
E001,Sarah Chen,Finance,3001,TA OAKLEY OAKLEY KS,1,10/27/2025,10/25/2025,TA OAKLEY,2228.16,Debit,5541.0,OAKLEY,USA,67748,KS,1.404097688,2228.16,2228.16,120204.99,258313.59,1200.855,2,687.2024999999999,1714.5075,2022.6989999999998,2125.4294999999997,1027.305,567.37,1251.0,77.125,842.9200000000001,1062.47,1172.1,765.7950000000001,115.36,35.69,490.205,870.0999999999998,1104.039999999999,454.515,Flagged,True,"Amount is 3.9x higher than the typical $567.37, based on same merchant category.",Low,-1.0,567.37,3.93,same merchant category,,54.5
E007,Lucas Brown,Engineering,3001,CHROME WORLD &TRUCK PA BAYTOWN TX,1,10/28/2025,10/27/2025,CHROME WORLD &TRUCK PA,318.96,Debit,5533.0,BAYTOWN,USA,77521,TX,1.402280204,318.96,318.96,144055.28,268268.41,94.18,11,64.515,144.11,238.64,278.79999999999995,79.59500000000001,105.32,37.0,57.38,171.11,461.6279999999995,989.5639999999997,113.73000000000002,115.36,35.69,490.205,870.0999999999998,1104.039999999999,454.515,Flagged,True,"Amount is 3.4x higher than the typical $94.18, based on same merchant.",Medium,-3.0,94.18,3.39,same merchant,,75.25
E008,Olivia Smith,Engineering,3001,KENWORTH BOWMANVILLE BOWMANVILLE ON,1,10/29/2025,10/28/2025,KENWORTH BOWMANVILLE,2169.86,Debit,5533.0,BOWMANVILLE,CAN,L1C 4P8,ON,0.0,2169.86,2169.86,164813.65,268268.41,1115.98,2,589.0400000000001,1642.92,1959.084,2064.472,1053.88,105.32,37.0,57.38,171.11,461.6279999999995,989.5639999999997,113.73000000000002,115.36,35.69,490.205,870.0999999999998,1104.039999999999,454.515,Flagged,True,"Amount is 20.6x higher than the typical $105.32, based on same merchant category.",Severe,-10.0,105.32,20.6,same merchant category,,87.0
E001,Sarah Chen,Marketing,3001,RIGHT NETWORKS HUDSON NH,1,10/31/2025,10/30/2025,RIGHT NETWORKS,486.26,Debit,4816.0,HUDSON,USA,03051,NH,1.395294118,486.26,486.26,120204.99,190018.44,488.03999999999996,6,486.1625,520.0675,531.98,532.895,33.90499999999997,39.33,106.0,24.557499999999997,96.14750000000001,157.495,437.7975,71.59,115.36,35.69,490.205,870.0999999999998,1104.039999999999,454.515,Flagged,True,"Amount is 12.4x higher than the typical $39.33, based on same merchant category.",Medium,-3.0,39.33,12.36,same merchant category,,53.0
E005,Daniel Kim,Product,3001,SD DEPT OF TRANS OPS PIERRE SD,1,11/6/2025,11/5/2025,SD DEPT OF TRANS OPS,698.79,Debit,9399.0,PIERRE,USA,57501,SD,1.414301718,698.79,698.79,128756.43,130828.39,114.37,131,35.99,178.535,502.5,652.2,142.545,64.0,1785.0,30.16,198.21,516.5320000000003,729.6959999999999,168.05,115.36,35.69,490.205,870.0999999999998,1104.039999999999,454.515,Flagged,True,"Amount is 6.1x higher than the typical $114.37, based on same merchant.",Medium,-3.0,114.37,6.11,same merchant,,97.0
E007,Lucas Brown,Finance,3001,SD DEPT OF TRANS OPS PIERRE SD,1,11/6/2025,11/5/2025,SD DEPT OF TRANS OPS,705.88,Debit,9399.0,PIERRE,USA,57501,SD,1.409801834,705.88,705.88,144055.28,258313.59,114.37,131,35.99,178.535,502.5,652.2,142.545,64.0,1785.0,30.16,198.21,516.5320000000003,729.6959999999999,168.05,115.36,35.69,490.205,870.0999999999998,1104.039999999999,454.515,Flagged,True,"Amount is 6.2x higher than the typical $114.37, based on same merchant.",Medium,-3.0,114.37,6.17,same merchant,,74.75
E007,Lucas Brown,Customer Success,3001,D&L MACHINING LTD. EDMONTON AB,1,11/7/2025,11/6/2025,D&L MACHINING LTD.,2070.27,Debit,5085.0,EDMONTON,CAN,T6B2N2,AB,0.0,2070.27,2070.27,144055.28,183167.22,2498.04,2,2284.1549999999997,2711.925,2840.256,2883.033,427.77000000000044,279.34000000000003,16.0,103.0125,472.425,2498.04,3254.2025,369.4125,115.36,35.69,490.205,870.0999999999998,1104.039999999999,454.515,Flagged,True,"Amount is 17.9x higher than the typical $115.36, based on all transactions.",High,-6.0,115.36,17.95,all transactions,,68.75
E008,Olivia Smith,Customer Success,3001,IPROMOTEU CANADA MISSISSAUGA ON,1,11/7/2025,11/6/2025,IPROMOTEU CANADA,2114.66,Debit,7299.0,MISSISSAUGA,CAN,L5N 6H4,ON,0.0,2114.66,2114.66,164813.65,183167.22,2114.66,1,2114.66,2114.66,2114.66,2114.66,0.0,496.45,5.0,352.14,874.49,1618.592,1866.6259999999997,522.35,115.36,35.69,490.205,870.0999999999998,1104.039999999999,454.515,Flagged,True,"Amount is 18.3x higher than the typical $115.36, based on all transactions.",High,-6.0,115.36,18.33,all transactions,,84.75
E009,Noah Garcia,Customer Success,3001,NDHP-E PERMIT BISMARCK ND,1,11/10/2025,11/8/2025,NDHP-E PERMIT,628.63,Debit,9399.0,BISMARCK,USA,58505,ND,1.414306798,628.63,628.63,158381.97,183167.22,40.075,134,39.61,79.7775,452.40600000000006,583.7589999999999,40.167500000000004,64.0,1785.0,30.16,198.21,516.5320000000003,729.6959999999999,168.05,115.36,35.69,490.205,870.0999999999998,1104.039999999999,454.515,Flagged,True,"Amount is 15.7x higher than the typical $40.08, based on same merchant.",Medium,-3.0,40.08,15.69,same merchant,,76.25
E007,Lucas Brown,Customer Success,3001,AB TRANSP 403-340-5075 EDMONTON AB,1,11/10/2025,11/7/2025,AB TRANSP 403-340-5075,892.0,Debit,9399.0,EDMONTON,CAN,T5K2C3,AB,0.0,892.0,892.0,144055.28,183167.22,130.0,158,39.75,366.75,656.5,940.0,327.0,64.0,1785.0,30.16,198.21,516.5320000000003,729.6959999999999,168.05,115.36,35.69,490.205,870.0999999999998,1104.039999999999,454.515,Flagged,True,"Amount is 6.9x higher than the typical $130.00, based on same merchant.",Low,-1.0,130.0,6.86,same merchant,,69.0
E006,Maya Patel,Engineering,3001,OKC SIZE & WEIGHTS PER OKLAHOMA CITY OK,1,11/10/2025,11/7/2025,OKC SIZE & WEIGHTS PER,2294.64,Debit,9399.0,OKLAHOMA CITY,USA,73105,OK,1.414301779,2294.64,2294.64,254325.1,268268.41,383.21500000000003,100,62.915,897.825,2284.4880000000003,2326.777,834.9100000000001,64.0,1785.0,30.16,198.21,516.5320000000003,729.6959999999999,168.05,115.36,35.69,490.205,870.0999999999998,1104.039999999999,454.515,Flagged,True,"Amount is 6.0x higher than the typical $383.22, based on same merchant.",Low,-1.0,383.22,5.99,same merchant,,84.75
E007,Lucas Brown,Finance,3001,NDHP-E PERMIT BISMARCK ND,1,11/10/2025,11/9/2025,NDHP-E PERMIT,658.95,Debit,9399.0,BISMARCK,USA,58505,ND,1.414290743,658.95,658.95,144055.28,258313.59,40.075,134,39.61,79.7775,452.40600000000006,583.7589999999999,40.167500000000004,64.0,1785.0,30.16,198.21,516.5320000000003,729.6959999999999,168.05,115.36,35.69,490.205,870.0999999999998,1104.039999999999,454.515,Flagged,True,"Amount is 16.4x higher than the typical $40.08, based on same merchant.",Medium,-3.0,40.08,16.44,same merchant,,66.75
E004,Emma Wilson,Marketing,3001,LITTLE SISTER'S BARSTO BARSTOW CA,1,11/12/2025,11/10/2025,LITTLE SISTER'S BARSTO,822.38,Debit,7542.0,BARSTOW,USA,92311,CA,1.413206982,822.38,822.38,114400.93,190018.44,514.64,2,360.77,668.51,760.832,791.606,307.74,131.29,115.0,96.215,189.32,240.52400000000006,309.791,93.10499999999999,115.36,35.69,490.205,870.0999999999998,1104.039999999999,454.515,Flagged,True,"Amount is 6.3x higher than the typical $131.29, based on same merchant category.",Severe,-10.0,131.29,6.26,same merchant category,,89.25
E007,Lucas Brown,Marketing,3001,ALBERTA ONE STOP REGIS EDMONTON AB,1,11/12/2025,11/10/2025,ALBERTA ONE STOP REGIS,1483.04,Debit,9399.0,EDMONTON,CAN,T5L 4Y8,AB,0.0,1483.04,1483.04,144055.28,190018.44,792.48,2,447.2,1137.76,1344.9279999999999,1413.984,690.56,64.0,1785.0,30.16,198.21,516.5320000000003,729.6959999999999,168.05,115.36,35.69,490.205,870.0999999999998,1104.039999999999,454.515,Flagged,True,"Amount is 23.2x higher than the typical $64.00, based on same merchant category.",Severe,-10.0,64.0,23.17,same merchant category,,56.75
E010,Sophia Lee,Finance,3001,AB TRANSP 403-340-5075 EDMONTON AB,1,11/12/2025,11/10/2025,AB TRANSP 403-340-5075,1119.0,Debit,9399.0,EDMONTON,CAN,T5K2C3,AB,0.0,1119.0,1119.0,134355.43,258313.59,130.0,158,39.75,366.75,656.5,940.0,327.0,64.0,1785.0,30.16,198.21,516.5320000000003,729.6959999999999,168.05,115.36,35.69,490.205,870.0999999999998,1104.039999999999,454.515,Flagged,True,"Amount is 8.6x higher than the typical $130.00, based on same merchant.",Medium,-3.0,130.0,8.61,same merchant,,97.0
E006,Maya Patel,Sales,3001,SQ *KFDGT PILOT CAR SE Grandville MI,1,11/12/2025,11/10/2025,SQ *KFDGT PILOT CAR SE,1086.4,Debit,4121.0,Grandville,USA,49418,MI,1.4132,1086.4,1086.4,254325.1,172423.22,824.9100000000001,4,529.015,1097.7825,1118.2710000000002,1125.1005,568.7675,139.99,32.0,20.759999999999998,232.6825,497.77300000000014,798.7609999999996,211.9225,115.36,35.69,490.205,870.0999999999998,1104.039999999999,454.515,Flagged,True,"Amount is 7.8x higher than the typical $139.99, based on same merchant category.",High,-6.0,139.99,7.76,same merchant category,,79.75
E008,Olivia Smith,Marketing,3001,CCD ORION FEE SALEM OR,1,11/17/2025,11/14/2025,CCD ORION FEE,7.44,Debit,9399.0,SALEM,USA,973015397,OR,1.401544402,7.44,7.44,164813.65,190018.44,2.7550000000000003,10,0.27,7.949999999999999,10.570999999999998,11.475499999999998,7.68,64.0,1785.0,30.16,198.21,516.5320000000003,729.6959999999999,168.05,115.36,35.69,490.205,870.0999999999998,1104.039999999999,454.515,Flagged,True,"Amount is 2.7x higher than the typical $2.76, based on same merchant.",Low,-1.0,2.76,2.7,same merchant,,86.0
E007,Lucas Brown,Marketing,3001,ILLINOIS DEPARTMENT OF SPRINGFIELD IL,1,11/17/2025,11/14/2025,ILLINOIS DEPARTMENT OF,1134.53,Debit,9399.0,SPRINGFIELD,USA,62764,IL,1.401993692,1134.53,1134.53,144055.28,190018.44,188.06,39,96.95,301.755,701.1800000000001,753.1640000000006,204.805,64.0,1785.0,30.16,198.21,516.5320000000003,729.6959999999999,168.05,115.36,35.69,490.205,870.0999999999998,1104.039999999999,454.515,Flagged,True,"Amount is 6.0x higher than the typical $188.06, based on same merchant.",High,-6.0,188.06,6.03,same merchant,,52.0
E008,Olivia Smith,Customer Success,3001,ROSEBUD CASINO FUEL MISSION SD,1,11/17/2025,11/15/2025,ROSEBUD CASINO FUEL,461.74,Debit,5541.0,MISSION,USA,57555,SD,1.404896304,461.74,461.74,164813.65,183167.22,461.74,1,461.74,461.74,461.74,461.74,0.0,567.37,1251.0,77.125,842.9200000000001,1062.47,1172.1,765.7950000000001,115.36,35.69,490.205,870.0999999999998,1104.039999999999,454.515,Flagged,True,Possible personal or irrelevant purchase detected: 'casino'.,Severe,-10.0,567.37,0.81,same merchant category,casino,76.0
E001,Sarah Chen,Marketing,3001,IA DOT MOTOR CARRIER S ANKENY IA,1,11/17/2025,11/14/2025,IA DOT MOTOR CARRIER S,506.57,Debit,9399.0,ANKENY,USA,50021,IA,1.402014184,506.57,506.57,120204.99,190018.44,147.84,51,83.005,174.67,332.18,366.29499999999996,91.66499999999999,64.0,1785.0,30.16,198.21,516.5320000000003,729.6959999999999,168.05,115.36,35.69,490.205,870.0999999999998,1104.039999999999,454.515,Flagged,True,"Amount is 3.4x higher than the typical $147.84, based on same merchant.",High,-6.0,147.84,3.43,same merchant,,52.25
E006,Maya Patel,Marketing,3001,SD DEPT OF TRANS OPS PIERRE SD,1,11/17/2025,11/14/2025,SD DEPT OF TRANS OPS,558.76,Debit,9399.0,PIERRE,USA,57501,SD,1.402011213,558.76,558.76,254325.1,190018.44,114.37,131,35.99,178.535,502.5,652.2,142.545,64.0,1785.0,30.16,198.21,516.5320000000003,729.6959999999999,168.05,115.36,35.69,490.205,870.0999999999998,1104.039999999999,454.515,Flagged,True,"Amount is 4.9x higher than the typical $114.37, based on same merchant.",Low,-1.0,114.37,4.89,same merchant,,80.25
E007,Lucas Brown,Engineering,3001,IA DOT MOTOR CARRIER S ANKENY IA,1,11/17/2025,11/14/2025,IA DOT MOTOR CARRIER S,506.57,Debit,9399.0,ANKENY,USA,50021,IA,1.402014184,506.57,506.57,144055.28,268268.41,147.84,51,83.005,174.67,332.18,366.29499999999996,91.66499999999999,64.0,1785.0,30.16,198.21,516.5320000000003,729.6959999999999,168.05,115.36,35.69,490.205,870.0999999999998,1104.039999999999,454.515,Flagged,True,"Amount is 3.4x higher than the typical $147.84, based on same merchant.",High,-6.0,147.84,3.43,same merchant,,47.25
E007,Lucas Brown,Customer Success,3001,NDHP-E PERMIT BISMARCK ND,1,11/17/2025,11/16/2025,NDHP-E PERMIT,658.65,Debit,9399.0,BISMARCK,USA,58505,ND,1.401994153,658.65,658.65,144055.28,183167.22,40.075,134,39.61,79.7775,452.40600000000006,583.7589999999999,40.167500000000004,64.0,1785.0,30.16,198.21,516.5320000000003,729.6959999999999,168.05,115.36,35.69,490.205,870.0999999999998,1104.039999999999,454.515,Flagged,True,"Amount is 16.4x higher than the typical $40.08, based on same merchant.",Medium,-3.0,40.08,16.44,same merchant,,45.0
E002,John Miller,Engineering,3001,MCSD OSOW - CONV. FEE NASHVILLE TN,1,11/17/2025,11/14/2025,MCSD OSOW - CONV. FEE,41.28,Debit,9399.0,NASHVILLE,USA,37215,TN,1.402158774,41.28,41.28,165219.8,268268.41,6.4350000000000005,40,4.6475,6.66,7.259000000000004,9.828999999999997,2.0125,64.0,1785.0,30.16,198.21,516.5320000000003,729.6959999999999,168.05,115.36,35.69,490.205,870.0999999999998,1104.039999999999,454.515,Flagged,True,"Amount is 6.4x higher than the typical $6.44, based on same merchant.",Medium,-3.0,6.44,6.41,same merchant,,97.0
E007,Lucas Brown,Finance,3001,MCSD OSOW INDIANAPOLIS IN,1,11/17/2025,11/14/2025,MCSD OSOW,1514.65,Debit,9399.0,INDIANAPOLIS,USA,46241,IN,1.402001898,1514.65,1514.65,144055.28,258313.59,190.44,40,123.3375,198.4925,221.54000000000013,320.12799999999993,75.155,64.0,1785.0,30.16,198.21,516.5320000000003,729.6959999999999,168.05,115.36,35.69,490.205,870.0999999999998,1104.039999999999,454.515,Flagged,True,"Amount is 8.0x higher than the typical $190.44, based on same merchant.",Severe,-10.0,190.44,7.95,same merchant,,35.25
E008,Olivia Smith,Sales,3001,BC PERMIT CENTRE VICTORIA BC,1,11/19/2025,11/17/2025,BC PERMIT CENTRE,133.0,Debit,9399.0,VICTORIA,CAN,V8W9T5,BC,0.0,133.0,133.0,164813.65,172423.22,30.0,47,30.0,59.0,130.6,184.8999999999998,29.0,64.0,1785.0,30.16,198.21,516.5320000000003,729.6959999999999,168.05,115.36,35.69,490.205,870.0999999999998,1104.039999999999,454.515,Flagged,True,"Amount is 4.4x higher than the typical $30.00, based on same merchant.",Low,-1.0,30.0,4.43,same merchant,,76.5
E007,Lucas Brown,Finance,3001,SD DEPT OF TRANS OPS PIERRE SD,1,11/24/2025,11/21/2025,SD DEPT OF TRANS OPS,502.5,Debit,9399.0,PIERRE,USA,57501,SD,1.444962042,502.5,502.5,144055.28,258313.59,114.37,131,35.99,178.535,502.5,652.2,142.545,64.0,1785.0,30.16,198.21,516.5320000000003,729.6959999999999,168.05,115.36,35.69,490.205,870.0999999999998,1104.039999999999,454.515,Flagged,True,"Amount is 4.4x higher than the typical $114.37, based on same merchant.",Low,-1.0,114.37,4.39,same merchant,,36.0
E009,Noah Garcia,Marketing,3001,SD DEPT OF TRANS OPS PIERRE SD,1,11/25/2025,11/24/2025,SD DEPT OF TRANS OPS,569.54,Debit,9399.0,PIERRE,USA,57501,SD,1.447406541,569.54,569.54,158381.97,190018.44,114.37,131,35.99,178.535,502.5,652.2,142.545,64.0,1785.0,30.16,198.21,516.5320000000003,729.6959999999999,168.05,115.36,35.69,490.205,870.0999999999998,1104.039999999999,454.515,Flagged,True,"Amount is 5.0x higher than the typical $114.37, based on same merchant.",Low,-1.0,114.37,4.98,same merchant,,83.25
E008,Olivia Smith,Sales,3001,OKC SIZE & WEIGHTS PER OKLAHOMA CITY OK,1,11/25/2025,11/24/2025,OKC SIZE & WEIGHTS PER,2338.37,Debit,9399.0,OKLAHOMA CITY,USA,73105,OK,1.448732404,2338.37,2338.37,164813.65,172423.22,383.21500000000003,100,62.915,897.825,2284.4880000000003,2326.777,834.9100000000001,64.0,1785.0,30.16,198.21,516.5320000000003,729.6959999999999,168.05,115.36,35.69,490.205,870.0999999999998,1104.039999999999,454.515,Flagged,True,"Amount is 6.1x higher than the typical $383.22, based on same merchant.",Low,-1.0,383.22,6.1,same merchant,,80.0
E002,John Miller,Engineering,3001,RIGHT NETWORKS HUDSON NH,1,12/1/2025,11/30/2025,RIGHT NETWORKS,489.82,Debit,4816.0,HUDSON,USA,03051,NH,1.440647058,489.82,489.82,165219.8,268268.41,488.03999999999996,6,486.1625,520.0675,531.98,532.895,33.90499999999997,39.33,106.0,24.557499999999997,96.14750000000001,157.495,437.7975,71.59,115.36,35.69,490.205,870.0999999999998,1104.039999999999,454.515,Flagged,True,"Amount is 12.5x higher than the typical $39.33, based on same merchant category.",Medium,-3.0,39.33,12.45,same merchant category,,97.0
E001,Sarah Chen,Engineering,3001,VCN*KANSASMVPERMIT TOPEKA KS,1,12/2/2025,12/1/2025,VCN*KANSASMVPERMIT,877.84,Debit,9399.0,TOPEKA,USA,66611,KS,1.434379084,877.84,877.84,120204.99,268268.41,63.21,85,62.46,284.9,293.098,295.54,222.43999999999997,64.0,1785.0,30.16,198.21,516.5320000000003,729.6959999999999,168.05,115.36,35.69,490.205,870.0999999999998,1104.039999999999,454.515,Flagged,True,"Amount is 13.9x higher than the typical $63.21, based on same merchant.",Medium,-3.0,63.21,13.89,same merchant,,56.0
E009,Noah Garcia,Human Resources,3001,UDOT PURCHASES WEST VALLEY UT,1,12/3/2025,12/3/2025,UDOT PURCHASES,731.53,Debit,9399.0,WEST VALLEY,USA,84119,UT,1.434372549,731.53,731.53,158381.97,154899.96,84.495,8,74.0675,85.4575,279.79899999999986,505.66449999999963,11.39,64.0,1785.0,30.16,198.21,516.5320000000003,729.6959999999999,168.05,115.36,35.69,490.205,870.0999999999998,1104.039999999999,454.515,Flagged,True,"Amount is 8.7x higher than the typical $84.50, based on same merchant.",High,-6.0,84.5,8.66,same merchant,,80.75
E008,Olivia Smith,Marketing,3001,RED BARN TRUCK WASH SE LIBERAL KS,1,12/4/2025,12/2/2025,RED BARN TRUCK WASH SE,983.04,Debit,7542.0,LIBERAL,USA,67901,KS,1.436751874,983.04,983.04,164813.65,190018.44,534.51,6,202.6525,937.6625,976.01,979.525,735.01,131.29,115.0,96.215,189.32,240.52400000000006,309.791,93.10499999999999,115.36,35.69,490.205,870.0999999999998,1104.039999999999,454.515,Flagged,True,"Amount is 7.5x higher than the typical $131.29, based on same merchant category.",Severe,-10.0,131.29,7.49,same merchant category,,73.0
E008,Olivia Smith,Customer Success,3001,RED BARN TRUCK WASH SE LIBERAL KS,1,12/4/2025,12/3/2025,RED BARN TRUCK WASH SE,843.71,Debit,7542.0,LIBERAL,USA,67901,KS,1.43673796,843.71,843.71,164813.65,183167.22,534.51,6,202.6525,937.6625,976.01,979.525,735.01,131.29,115.0,96.215,189.32,240.52400000000006,309.791,93.10499999999999,115.36,35.69,490.205,870.0999999999998,1104.039999999999,454.515,Flagged,True,"Amount is 6.4x higher than the typical $131.29, based on same merchant category.",Severe,-10.0,131.29,6.43,same merchant category,,63.5
E001,Sarah Chen,Sales,3001,BB OF FT. CHISWELL #35 MAX MEADOWS VA,1,12/4/2025,12/3/2025,BB OF FT. CHISWELL #35,399.12,Debit,7542.0,MAX MEADOWS,USA,24360,VA,1.436717062,399.12,399.12,120204.99,172423.22,399.12,1,399.12,399.12,399.12,399.12,0.0,131.29,115.0,96.215,189.32,240.52400000000006,309.791,93.10499999999999,115.36,35.69,490.205,870.0999999999998,1104.039999999999,454.515,Flagged,True,"Amount is 3.0x higher than the typical $131.29, based on same merchant category.",Medium,-3.0,131.29,3.04,same merchant category,,54.5
E004,Emma Wilson,Human Resources,3001,RED BARN TRUCK WASH SE LIBERAL KS,1,12/5/2025,12/4/2025,RED BARN TRUCK WASH SE,968.98,Debit,7542.0,LIBERAL,USA,67901,KS,1.434272265,968.98,968.98,114400.93,154899.96,534.51,6,202.6525,937.6625,976.01,979.525,735.01,131.29,115.0,96.215,189.32,240.52400000000006,309.791,93.10499999999999,115.36,35.69,490.205,870.0999999999998,1104.039999999999,454.515,Flagged,True,"Amount is 7.4x higher than the typical $131.29, based on same merchant category.",Severe,-10.0,131.29,7.38,same merchant category,,88.0
E002,John Miller,Operations,3001,290-TA EXPRESS FAIRF FAIRFIELD TX,1,12/5/2025,12/4/2025,290-TA EXPRESS FAIRF,1173.74,Debit,5541.0,FAIRFIELD,USA,75840,TX,1.433050485,1173.74,1173.74,165219.8,153792.33,51.95,9,21.31,469.9,713.868,943.8039999999999,448.59,567.37,1251.0,77.125,842.9200000000001,1062.47,1172.1,765.7950000000001,115.36,35.69,490.205,870.0999999999998,1104.039999999999,454.515,Flagged,True,"Amount is 22.6x higher than the typical $51.95, based on same merchant.",Low,-1.0,51.95,22.59,same merchant,,99.0
E002,John Miller,Finance,3001,FLYING J 725 BAYTOWN TX,1,12/8/2025,12/6/2025,FLYING J 725,971.84,Debit,5541.0,BAYTOWN,USA,77521,TX,1.431302375,971.84,971.84,165219.8,258313.59,349.09,21,317.55,475.03,971.84,974.94,157.47999999999996,567.37,1251.0,77.125,842.9200000000001,1062.47,1172.1,765.7950000000001,115.36,35.69,490.205,870.0999999999998,1104.039999999999,454.515,Flagged,True,"Amount is 2.8x higher than the typical $349.09, based on same merchant.",Low,-1.0,349.09,2.78,same merchant,,99.0
E009,Noah Garcia,Finance,3001,AZ MVD FEE NEW YORK NY,1,12/8/2025,12/8/2025,AZ MVD FEE,659.65,Debit,9399.0,NEW YORK,USA,10017,NY,1.431314687,659.65,659.65,158381.97,258313.59,659.65,1,659.65,659.65,659.65,659.65,0.0,64.0,1785.0,30.16,198.21,516.5320000000003,729.6959999999999,168.05,115.36,35.69,490.205,870.0999999999998,1104.039999999999,454.515,Flagged,True,"Amount is 10.3x higher than the typical $64.00, based on same merchant category.",Medium,-3.0,64.0,10.31,same merchant category,,79.25
E009,Noah Garcia,Marketing,3001,D&L MACHINING LTD. EDMONTON AB,1,12/10/2025,12/9/2025,D&L MACHINING LTD.,2925.81,Debit,5085.0,EDMONTON,CAN,T6B2N2,AB,0.0,2925.81,2925.81,158381.97,190018.44,2498.04,2,2284.1549999999997,2711.925,2840.256,2883.033,427.77000000000044,279.34000000000003,16.0,103.0125,472.425,2498.04,3254.2025,369.4125,115.36,35.69,490.205,870.0999999999998,1104.039999999999,454.515,Flagged,True,"Amount is 25.4x higher than the typical $115.36, based on all transactions.",Severe,-10.0,115.36,25.36,all transactions,,70.75
E009,Noah Garcia,Human Resources,3001,I3B*WYDOT POE - ALPINE CHEYENNE WY,1,12/10/2025,12/9/2025,I3B*WYDOT POE - ALPINE,368.21,Debit,9399.0,CHEYENNE,USA,82009,WY,1.420947015,368.21,368.21,158381.97,154899.96,93.03,9,37.35,150.87,341.178,354.69399999999996,113.52000000000001,64.0,1785.0,30.16,198.21,516.5320000000003,729.6959999999999,168.05,115.36,35.69,490.205,870.0999999999998,1104.039999999999,454.515,Flagged,True,"Amount is 4.0x higher than the typical $93.03, based on same merchant.",Low,-1.0,93.03,3.96,same merchant,,70.0
E003,Alex Johnson,Customer Success,3001,TOWING INC DALLAS TX,1,12/10/2025,12/9/2025,TOWING INC,1974.7,Debit,7549.0,DALLAS,USA,752525645,TX,1.420136641,1974.7,1974.7,127197.98,183167.22,1974.7,1,1974.7,1974.7,1974.7,1974.7,0.0,928.4449999999999,8.0,448.7625,1408.8200000000002,1902.866,1938.783,960.0575000000001,115.36,35.69,490.205,870.0999999999998,1104.039999999999,454.515,Flagged,True,"Amount is 17.1x higher than the typical $115.36, based on all transactions.",High,-6.0,115.36,17.12,all transactions,,94.0
E005,Daniel Kim,Operations,3001,AB TRANSP 403-340-5075 EDMONTON AB,1,12/11/2025,12/9/2025,AB TRANSP 403-340-5075,2182.0,Debit,9399.0,EDMONTON,CAN,T5K2C3,AB,0.0,2182.0,2182.0,128756.43,153792.33,130.0,158,39.75,366.75,656.5,940.0,327.0,64.0,1785.0,30.16,198.21,516.5320000000003,729.6959999999999,168.05,115.36,35.69,490.205,870.0999999999998,1104.039999999999,454.515,Flagged,True,"Amount is 16.8x higher than the typical $130.00, based on same merchant.",Severe,-10.0,130.0,16.78,same merchant,,90.0
E010,Sophia Lee,Operations,3001,AB TRANSP 403-340-5075 EDMONTON AB,1,12/15/2025,12/12/2025,AB TRANSP 403-340-5075,2060.0,Debit,9399.0,EDMONTON,CAN,T5K2C3,AB,0.0,2060.0,2060.0,134355.43,153792.33,130.0,158,39.75,366.75,656.5,940.0,327.0,64.0,1785.0,30.16,198.21,516.5320000000003,729.6959999999999,168.05,115.36,35.69,490.205,870.0999999999998,1104.039999999999,454.515,Flagged,True,"Amount is 15.8x higher than the typical $130.00, based on same merchant.",Severe,-10.0,130.0,15.85,same merchant,,90.0
E006,Maya Patel,Customer Success,3001,TDOT OSOW PERMITS NASHVILLE TN,1,12/17/2025,12/16/2025,TDOT OSOW PERMITS,1039.03,Debit,9399.0,NASHVILLE,USA,37243,TN,1.412646834,1039.03,1039.03,254325.1,183167.22,291.37,32,205.6875,343.455,665.0500000000004,1034.4595,137.76749999999998,64.0,1785.0,30.16,198.21,516.5320000000003,729.6959999999999,168.05,115.36,35.69,490.205,870.0999999999998,1104.039999999999,454.515,Flagged,True,"Amount is 3.6x higher than the typical $291.37, based on same merchant.",Medium,-3.0,291.37,3.57,same merchant,,97.0
E009,Noah Garcia,Finance,3001,SERVICE FEE FRANKLIN TN,1,12/17/2025,12/16/2025,SERVICE FEE,24.42,Debit,9399.0,FRANKLIN,USA,37067,TN,1.413194444,24.42,24.42,158381.97,258313.59,6.85,32,4.83,8.07,15.629000000000012,24.31,3.24,64.0,1785.0,30.16,198.21,516.5320000000003,729.6959999999999,168.05,115.36,35.69,490.205,870.0999999999998,1104.039999999999,454.515,Flagged,True,"Amount is 3.6x higher than the typical $6.85, based on same merchant.",Low,-1.0,6.85,3.56,same merchant,,74.25
E008,Olivia Smith,Engineering,3001,MNA*MICHELIN CANADA LAVAL QC,1,12/17/2025,12/16/2025,MNA*MICHELIN CANADA,39053.81,Debit,5532.0,LAVAL,CAN,H7T 2P6,QC,0.0,39053.81,39053.81,164813.65,268268.41,39053.81,5,32238.67,51182.84,53696.612,54534.536,18944.17,2192.15,11.0,84.28,35646.24,51182.84,53277.649999999994,35561.96,115.36,35.69,490.205,870.0999999999998,1104.039999999999,454.515,Flagged,True,"Amount is 338.5x higher than the typical $115.36, based on all transactions.",Severe,-10.0,115.36,338.54,all transactions,,61.25
E010,Sophia Lee,Marketing,3001,GA PERMIT 4096972587 TX,1,12/17/2025,12/16/2025,GA PERMIT,187.88,Debit,7372.0,4096972587,USA,77611,TX,1.412631578,187.88,187.88,134355.43,190018.44,53.519999999999996,8,53.13,88.05,187.299,187.5895,34.919999999999995,53.519999999999996,10.0,53.13,87.48,187.133,187.5065,34.35,115.36,35.69,490.205,870.0999999999998,1104.039999999999,454.515,Flagged,True,"Amount is 3.5x higher than the typical $53.52, based on same merchant.",Low,-1.0,53.52,3.51,same merchant,,90.25
E004,Emma Wilson,Product,3001,PENN DOT ACCTS RECV HARRISBURG PA,1,12/18/2025,12/17/2025,PENN DOT ACCTS RECV,543.81,Debit,9399.0,HARRISBURG,USA,17120,PA,1.413668503,543.81,543.81,114400.93,130828.39,132.88,5,74.19,190.87,402.634,473.22199999999987,116.68,64.0,1785.0,30.16,198.21,516.5320000000003,729.6959999999999,168.05,115.36,35.69,490.205,870.0999999999998,1104.039999999999,454.515,Flagged,True,"Amount is 8.5x higher than the typical $64.00, based on same merchant category.",Low,-1.0,64.0,8.5,same merchant category,,91.75
E008,Olivia Smith,Sales,3001,IA DOT MOTOR CARRIER S ANKENY IA,1,12/19/2025,12/18/2025,IA DOT MOTOR CARRIER S,340.24,Debit,9399.0,ANKENY,USA,50021,IA,1.414719334,340.24,340.24,164813.65,172423.22,147.84,51,83.005,174.67,332.18,366.29499999999996,91.66499999999999,64.0,1785.0,30.16,198.21,516.5320000000003,729.6959999999999,168.05,115.36,35.69,490.205,870.0999999999998,1104.039999999999,454.515,Flagged,True,"Amount is 2.3x higher than the typical $147.84, based on same merchant.",Low,-1.0,147.84,2.3,same merchant,,62.25
E001,Sarah Chen,Customer Success,3001,SQ *KFDGT PILOT CAR SE Grandville MI,1,12/23/2025,12/22/2025,SQ *KFDGT PILOT CAR SE,1131.93,Debit,4121.0,Grandville,USA,49418,MI,1.4149125,1131.93,1131.93,120204.99,183167.22,824.9100000000001,4,529.015,1097.7825,1118.2710000000002,1125.1005,568.7675,139.99,32.0,20.759999999999998,232.6825,497.77300000000014,798.7609999999996,211.9225,115.36,35.69,490.205,870.0999999999998,1104.039999999999,454.515,Flagged,True,"Amount is 8.1x higher than the typical $139.99, based on same merchant category.",High,-6.0,139.99,8.09,same merchant category,,55.75
E005,Daniel Kim,Engineering,3001,NDHP-E PERMIT BISMARCK ND,1,12/29/2025,12/29/2025,NDHP-E PERMIT,490.92,Debit,9399.0,BISMARCK,USA,58505,ND,1.403109637,490.92,490.92,128756.43,268268.41,40.075,134,39.61,79.7775,452.40600000000006,583.7589999999999,40.167500000000004,64.0,1785.0,30.16,198.21,516.5320000000003,729.6959999999999,168.05,115.36,35.69,490.205,870.0999999999998,1104.039999999999,454.515,Flagged,True,"Amount is 12.3x higher than the typical $40.08, based on same merchant.",Low,-1.0,40.08,12.25,same merchant,,98.0
E006,Maya Patel,Sales,3001,MNDOT OSOW PERMITS FEE ATLANTA GA,1,12/29/2025,12/27/2025,MNDOT OSOW PERMITS FEE,8.29,Debit,9399.0,ATLANTA,USA,303285588,GA,1.402707275,8.29,8.29,254325.1,172423.22,3.035,24,1.1575,6.01,12.701,13.568499999999998,4.8525,64.0,1785.0,30.16,198.21,516.5320000000003,729.6959999999999,168.05,115.36,35.69,490.205,870.0999999999998,1104.039999999999,454.515,Flagged,True,"Amount is 2.7x higher than the typical $3.04, based on same merchant.",Low,-1.0,3.04,2.73,same merchant,,99.0
E009,Noah Garcia,Product,3001,MNDOT OSOW PERMITS FEE ATLANTA GA,1,12/30/2025,12/29/2025,MNDOT OSOW PERMITS FEE,7.87,Debit,9399.0,ATLANTA,USA,303285588,GA,1.402852049,7.87,7.87,158381.97,130828.39,3.035,24,1.1575,6.01,12.701,13.568499999999998,4.8525,64.0,1785.0,30.16,198.21,516.5320000000003,729.6959999999999,168.05,115.36,35.69,490.205,870.0999999999998,1104.039999999999,454.515,Flagged,True,"Amount is 2.6x higher than the typical $3.04, based on same merchant.",Low,-1.0,3.04,2.59,same merchant,,79.25
E009,Noah Garcia,Marketing,3001,RIGHT NETWORKS HUDSON NH,1,12/31/2025,12/30/2025,RIGHT NETWORKS,477.59,Debit,4816.0,HUDSON,USA,03051,NH,1.40467647,477.59,477.59,158381.97,190018.44,488.03999999999996,6,486.1625,520.0675,531.98,532.895,33.90499999999997,39.33,106.0,24.557499999999997,96.14750000000001,157.495,437.7975,71.59,115.36,35.69,490.205,870.0999999999998,1104.039999999999,454.515,Flagged,True,"Amount is 12.1x higher than the typical $39.33, based on same merchant category.",Medium,-3.0,39.33,12.14,same merchant category,,77.25
E006,Maya Patel,Sales,3001,WESTERN DAKOTA ENERGY BISMARCK ND,1,1/2/2026,12/31/2025,WESTERN DAKOTA ENERGY,124.47,Debit,4784.0,BISMARCK,USA,58504,ND,1.404694729,124.47,124.47,254325.1,172423.22,38.57,12,37.98,52.17,91.50600000000001,108.72899999999997,14.190000000000005,37.0,75.0,22.435000000000002,70.0,70.0,80.0,47.565,115.36,35.69,490.205,870.0999999999998,1104.039999999999,454.515,Flagged,True,"Amount is 3.2x higher than the typical $38.57, based on same merchant.",Medium,-3.0,38.57,3.23,same merchant,,97.0
E003,Alex Johnson,Finance,3001,WESTERN DAKOTA ENERGY BISMARCK ND,1,1/5/2026,1/3/2026,WESTERN DAKOTA ENERGY,95.85,Debit,4784.0,BISMARCK,USA,58504,ND,1.409351565,95.85,95.85,127197.98,258313.59,38.57,12,37.98,52.17,91.50600000000001,108.72899999999997,14.190000000000005,37.0,75.0,22.435000000000002,70.0,70.0,80.0,47.565,115.36,35.69,490.205,870.0999999999998,1104.039999999999,454.515,Flagged,True,"Amount is 2.5x higher than the typical $38.57, based on same merchant.",Low,-1.0,38.57,2.49,same merchant,,99.0
E002,John Miller,Engineering,3001,TLG PETERBILT-RALEIGH RALEIGH NC,1,1/5/2026,1/2/2026,TLG PETERBILT-RALEIGH,2283.22,Debit,5511.0,RALEIGH,USA,27610,NC,1.409377662,2283.22,2283.22,165219.8,268268.41,2283.22,1,2283.22,2283.22,2283.22,2283.22,0.0,354.56,7.0,232.21499999999997,695.325,1346.9980000000005,1815.1089999999988,463.11000000000007,115.36,35.69,490.205,870.0999999999998,1104.039999999999,454.515,Flagged,True,"Amount is 19.8x higher than the typical $115.36, based on all transactions.",High,-6.0,115.36,19.79,all transactions,,94.0
E001,Sarah Chen,Human Resources,3001,BALTIMORE TOWING CO IN BALTIMORE MD,1,1/5/2026,12/31/2025,BALTIMORE TOWING CO IN,1254.4,Debit,7549.0,BALTIMORE,USA,21222,MD,1.405490196,1254.4,1254.4,120204.99,154899.96,1254.4,1,1254.4,1254.4,1254.4,1254.4,0.0,928.4449999999999,8.0,448.7625,1408.8200000000002,1902.866,1938.783,960.0575000000001,115.36,35.69,490.205,870.0999999999998,1104.039999999999,454.515,Flagged,True,"Amount is 10.9x higher than the typical $115.36, based on all transactions.",Low,-1.0,115.36,10.87,all transactions,,60.0
E010,Sophia Lee,Marketing,3001,TDOT OSOW PERMITS NASHVILLE TN,1,1/6/2026,1/5/2026,TDOT OSOW PERMITS,688.55,Debit,9399.0,NASHVILLE,USA,37243,TN,1.40937468,688.55,688.55,134355.43,190018.44,291.37,32,205.6875,343.455,665.0500000000004,1034.4595,137.76749999999998,64.0,1785.0,30.16,198.21,516.5320000000003,729.6959999999999,168.05,115.36,35.69,490.205,870.0999999999998,1104.039999999999,454.515,Flagged,True,"Amount is 2.4x higher than the typical $291.37, based on same merchant.",Low,-1.0,291.37,2.36,same merchant,,97.0
E003,Alex Johnson,Finance,3001,SERVICE FEE FRANKLIN TN,1,1/6/2026,1/5/2026,SERVICE FEE,16.18,Debit,9399.0,FRANKLIN,USA,37067,TN,1.409407665,16.18,16.18,127197.98,258313.59,6.85,32,4.83,8.07,15.629000000000012,24.31,3.24,64.0,1785.0,30.16,198.21,516.5320000000003,729.6959999999999,168.05,115.36,35.69,490.205,870.0999999999998,1104.039999999999,454.515,Flagged,True,"Amount is 2.4x higher than the typical $6.85, based on same merchant.",Low,-1.0,6.85,2.36,same merchant,,98.75
E001,Sarah Chen,Sales,3001,IA DOT MOTOR CARRIER S ANKENY IA,1,1/7/2026,1/6/2026,IA DOT MOTOR CARRIER S,391.65,Debit,9399.0,ANKENY,USA,50021,IA,1.416455696,391.65,391.65,120204.99,172423.22,147.84,51,83.005,174.67,332.18,366.29499999999996,91.66499999999999,64.0,1785.0,30.16,198.21,516.5320000000003,729.6959999999999,168.05,115.36,35.69,490.205,870.0999999999998,1104.039999999999,454.515,Flagged,True,"Amount is 2.6x higher than the typical $147.84, based on same merchant.",Low,-1.0,147.84,2.65,same merchant,,60.0
E007,Lucas Brown,Human Resources,3001,ILLINOIS DEPARTMENT OF SPRINGFIELD IL,1,1/7/2026,1/6/2026,ILLINOIS DEPARTMENT OF,1461.78,Debit,9399.0,SPRINGFIELD,USA,62764,IL,1.416439763,1461.78,1461.78,144055.28,154899.96,188.06,39,96.95,301.755,701.1800000000001,753.1640000000006,204.805,64.0,1785.0,30.16,198.21,516.5320000000003,729.6959999999999,168.05,115.36,35.69,490.205,870.0999999999998,1104.039999999999,454.515,Flagged,True,"Amount is 7.8x higher than the typical $188.06, based on same merchant.",Severe,-10.0,188.06,7.77,same merchant,,45.25
E006,Maya Patel,Human Resources,3001,SUNCO COMMUNICATION AN EDMONTON AB,1,1/8/2026,1/7/2026,SUNCO COMMUNICATION AN,5009.03,Debit,5045.0,EDMONTON,CAN,T5S 2X4,AB,0.0,5009.03,5009.03,254325.1,154899.96,5009.03,3,4990.014999999999,5009.03,5009.03,5009.03,19.015000000000327,5009.03,3.0,4990.014999999999,5009.03,5009.03,5009.03,19.015000000000327,115.36,35.69,490.205,870.0999999999998,1104.039999999999,454.515,Flagged,True,"Amount is 43.4x higher than the typical $115.36, based on all transactions.",Severe,-10.0,115.36,43.42,all transactions,,88.5
E007,Lucas Brown,Sales,3001,SD DEPT OF TRANS OPS PIERRE SD,1,1/12/2026,1/9/2026,SD DEPT OF TRANS OPS,545.42,Debit,9399.0,PIERRE,USA,57501,SD,1.42381288,545.42,545.42,144055.28,172423.22,114.37,131,35.99,178.535,502.5,652.2,142.545,64.0,1785.0,30.16,198.21,516.5320000000003,729.6959999999999,168.05,115.36,35.69,490.205,870.0999999999998,1104.039999999999,454.515,Flagged,True,"Amount is 4.8x higher than the typical $114.37, based on same merchant.",Low,-1.0,114.37,4.77,same merchant,,46.25
E003,Alex Johnson,Sales,3001,NDHP-E PERMIT BISMARCK ND,1,1/12/2026,1/11/2026,NDHP-E PERMIT,561.77,Debit,9399.0,BISMARCK,USA,58505,ND,1.42382461,561.77,561.77,127197.98,172423.22,40.075,134,39.61,79.7775,452.40600000000006,583.7589999999999,40.167500000000004,64.0,1785.0,30.16,198.21,516.5320000000003,729.6959999999999,168.05,115.36,35.69,490.205,870.0999999999998,1104.039999999999,454.515,Flagged,True,"Amount is 14.0x higher than the typical $40.08, based on same merchant.",Medium,-3.0,40.08,14.02,same merchant,,97.0
E002,John Miller,Marketing,3001,SUNCO COMMUNICATION AN EDMONTON AB,1,1/16/2026,1/15/2026,SUNCO COMMUNICATION AN,5009.03,Debit,5045.0,EDMONTON,CAN,T5S 2X4,AB,0.0,5009.03,5009.03,165219.8,190018.44,5009.03,3,4990.014999999999,5009.03,5009.03,5009.03,19.015000000000327,5009.03,3.0,4990.014999999999,5009.03,5009.03,5009.03,19.015000000000327,115.36,35.69,490.205,870.0999999999998,1104.039999999999,454.515,Flagged,True,"Amount is 43.4x higher than the typical $115.36, based on all transactions.",Severe,-10.0,115.36,43.42,all transactions,,88.0
E010,Sophia Lee,Finance,3001,ODOT CCD SALEM OR,1,1/19/2026,1/16/2026,ODOT CCD,581.07,Debit,9399.0,SALEM,USA,973015397,OR,1.426989194,581.07,581.07,134355.43,258313.59,593.94,2,587.505,600.375,604.236,605.5229999999999,12.870000000000005,64.0,1785.0,30.16,198.21,516.5320000000003,729.6959999999999,168.05,115.36,35.69,490.205,870.0999999999998,1104.039999999999,454.515,Flagged,True,"Amount is 9.1x higher than the typical $64.00, based on same merchant category.",Low,-1.0,64.0,9.08,same merchant category,,99.0
E007,Lucas Brown,Engineering,3001,VCN*IDAHODOT BOISE ID,1,1/22/2026,1/21/2026,VCN*IDAHODOT,298.76,Debit,9399.0,BOISE,USA,83703,ID,1.422937702,298.76,298.76,144055.28,268268.41,86.99,47,64.055,131.06,202.62999999999997,239.34499999999989,67.005,64.0,1785.0,30.16,198.21,516.5320000000003,729.6959999999999,168.05,115.36,35.69,490.205,870.0999999999998,1104.039999999999,454.515,Flagged,True,"Amount is 3.4x higher than the typical $86.99, based on same merchant.",Medium,-3.0,86.99,3.43,same merchant,,50.25
E005,Daniel Kim,Marketing,3001,FLYING J 725 BAYTOWN TX,1,1/23/2026,1/22/2026,FLYING J 725,974.94,Debit,5541.0,BAYTOWN,USA,77521,TX,1.419312573,974.94,974.94,128756.43,190018.44,349.09,21,317.55,475.03,971.84,974.94,157.47999999999996,567.37,1251.0,77.125,842.9200000000001,1062.47,1172.1,765.7950000000001,115.36,35.69,490.205,870.0999999999998,1104.039999999999,454.515,Flagged,True,"Amount is 2.8x higher than the typical $349.09, based on same merchant.",Low,-1.0,349.09,2.79,same merchant,,99.0
E006,Maya Patel,Sales,3001,MCM*WILLIAMSONCOURTMO MARION IL,1,1/26/2026,1/23/2026,MCM*WILLIAMSONCOURTMO,2898.42,Debit,9399.0,MARION,USA,62959,IL,1.415624313,2898.42,2898.42,254325.1,172423.22,2898.42,1,2898.42,2898.42,2898.42,2898.42,0.0,64.0,1785.0,30.16,198.21,516.5320000000003,729.6959999999999,168.05,115.36,35.69,490.205,870.0999999999998,1104.039999999999,454.515,Flagged,True,"Amount is 45.3x higher than the typical $64.00, based on same merchant category.",Severe,-10.0,64.0,45.29,same merchant category,,87.5
E010,Sophia Lee,Finance,3001,NDHP-E PERMIT BISMARCK ND,1,1/28/2026,1/28/2026,NDHP-E PERMIT,960.25,Debit,9399.0,BISMARCK,USA,58505,ND,1.415629791,960.25,960.25,134355.43,258313.59,40.075,134,39.61,79.7775,452.40600000000006,583.7589999999999,40.167500000000004,64.0,1785.0,30.16,198.21,516.5320000000003,729.6959999999999,168.05,115.36,35.69,490.205,870.0999999999998,1104.039999999999,454.515,Flagged,True,"Amount is 24.0x higher than the typical $40.08, based on same merchant.",High,-6.0,40.08,23.96,same merchant,,94.0
E004,Emma Wilson,Sales,3001,SQ *KFDGT PILOT CAR SE Grandville MI,1,1/29/2026,1/28/2026,SQ *KFDGT PILOT CAR SE,563.42,Debit,4121.0,Grandville,USA,49418,MI,1.40855,563.42,563.42,114400.93,172423.22,824.9100000000001,4,529.015,1097.7825,1118.2710000000002,1125.1005,568.7675,139.99,32.0,20.759999999999998,232.6825,497.77300000000014,798.7609999999996,211.9225,115.36,35.69,490.205,870.0999999999998,1104.039999999999,454.515,Flagged,True,"Amount is 4.0x higher than the typical $139.99, based on same merchant category.",Low,-1.0,139.99,4.02,same merchant category,,99.0
E010,Sophia Lee,Customer Success,3001,OKC SIZE & WEIGHTS PER OKLAHOMA CITY OK,1,1/30/2026,1/29/2026,OKC SIZE & WEIGHTS PER,2559.17,Debit,9399.0,OKLAHOMA CITY,USA,73105,OK,1.396560944,2559.17,2559.17,134355.43,183167.22,383.21500000000003,100,62.915,897.825,2284.4880000000003,2326.777,834.9100000000001,64.0,1785.0,30.16,198.21,516.5320000000003,729.6959999999999,168.05,115.36,35.69,490.205,870.0999999999998,1104.039999999999,454.515,Flagged,True,"Amount is 6.7x higher than the typical $383.22, based on same merchant.",Low,-1.0,383.22,6.68,same merchant,,94.75
E003,Alex Johnson,Engineering,3001,DOT-COMM VEH PERMITTIN ANCHORAGE AK,1,1/30/2026,1/29/2026,DOT-COMM VEH PERMITTIN,488.8,Debit,9399.0,ANCHORAGE,USA,99515,AK,1.396571428,488.8,488.8,127197.98,268268.41,97.76,19,14.03,169.72,487.16,489.015,155.69,64.0,1785.0,30.16,198.21,516.5320000000003,729.6959999999999,168.05,115.36,35.69,490.205,870.0999999999998,1104.039999999999,454.515,Flagged,True,"Amount is 5.0x higher than the typical $97.76, based on same merchant.",Low,-1.0,97.76,5.0,same merchant,,99.0
E004,Emma Wilson,Engineering,3001,SD DEPT OF TRANS OPS PIERRE SD,1,1/30/2026,1/29/2026,SD DEPT OF TRANS OPS,625.9,Debit,9399.0,PIERRE,USA,57501,SD,1.395136303,625.9,625.9,114400.93,268268.41,114.37,131,35.99,178.535,502.5,652.2,142.545,64.0,1785.0,30.16,198.21,516.5320000000003,729.6959999999999,168.05,115.36,35.69,490.205,870.0999999999998,1104.039999999999,454.515,Flagged,True,"Amount is 5.5x higher than the typical $114.37, based on same merchant.",Medium,-3.0,114.37,5.47,same merchant,,96.0
E002,John Miller,Engineering,3001,CONTINENTAL CHAIN & RI EDMONTON AB,1,1/30/2026,1/29/2026,CONTINENTAL CHAIN & RI,179.54,Debit,5046.0,EDMONTON,CAN,T6E5S5,AB,0.0,179.54,179.54,165219.8,268268.41,179.54,1,179.54,179.54,179.54,179.54,0.0,20.87,70.0,20.724999999999998,21.135,21.724000000000004,25.319,0.4100000000000037,115.36,35.69,490.205,870.0999999999998,1104.039999999999,454.515,Flagged,True,"Amount is 8.6x higher than the typical $20.87, based on same merchant category.",Severe,-10.0,20.87,8.6,same merchant category,,87.5
E005,Daniel Kim,Customer Success,3001,RIGHT NETWORKS HUDSON NH,1,2/2/2026,1/30/2026,RIGHT NETWORKS,530.15,Debit,4816.0,HUDSON,USA,03051,NH,1.395131578,530.15,530.15,128756.43,183167.22,488.03999999999996,6,486.1625,520.0675,531.98,532.895,33.90499999999997,39.33,106.0,24.557499999999997,96.14750000000001,157.495,437.7975,71.59,115.36,35.69,490.205,870.0999999999998,1104.039999999999,454.515,Flagged,True,"Amount is 13.5x higher than the typical $39.33, based on same merchant category.",Medium,-3.0,39.33,13.48,same merchant category,,97.0
E002,John Miller,Engineering,3001,SQ *PAUL'S TOWING & RE Minot ND,1,2/3/2026,2/2/2026,SQ *PAUL'S TOWING & RE,7993.46,Debit,7538.0,Minot,USA,58701,ND,1.403839128,7993.46,7993.46,165219.8,268268.41,7993.46,1,7993.46,7993.46,7993.46,7993.46,0.0,702.35,33.0,131.58,1063.67,1449.91,1655.9739999999995,932.09,115.36,35.69,490.205,870.0999999999998,1104.039999999999,454.515,Flagged,True,"Amount is 11.4x higher than the typical $702.35, based on same merchant category.",Severe,-10.0,702.35,11.38,same merchant category,,77.75
E006,Maya Patel,Human Resources,3001,AB TRANSP 403-340-5075 EDMONTON AB,1,2/4/2026,2/2/2026,AB TRANSP 403-340-5075,1006.0,Debit,9399.0,EDMONTON,CAN,T5K2C3,AB,0.0,1006.0,1006.0,254325.1,154899.96,130.0,158,39.75,366.75,656.5,940.0,327.0,64.0,1785.0,30.16,198.21,516.5320000000003,729.6959999999999,168.05,115.36,35.69,490.205,870.0999999999998,1104.039999999999,454.515,Flagged,True,"Amount is 7.7x higher than the typical $130.00, based on same merchant.",Low,-1.0,130.0,7.74,same merchant,,91.0
E007,Lucas Brown,Customer Success,3001,COPPER RIVER AUTO 352 TOK AK,1,2/5/2026,2/4/2026,COPPER RIVER AUTO 352,1037.18,Debit,5533.0,TOK,USA,99780,AK,1.404764807,1037.18,1037.18,144055.28,183167.22,1007.4200000000001,2,992.54,1022.3000000000001,1031.228,1034.204,29.760000000000105,105.32,37.0,57.38,171.11,461.6279999999995,989.5639999999997,113.73000000000002,115.36,35.69,490.205,870.0999999999998,1104.039999999999,454.515,Flagged,True,"Amount is 9.8x higher than the typical $105.32, based on same merchant category.",Medium,-3.0,105.32,9.85,same merchant category,,55.0
E006,Maya Patel,Sales,3001,DOT-COMM VEH PERMITTIN ANCHORAGE AK,1,2/6/2026,2/5/2026,DOT-COMM VEH PERMITTIN,490.95,Debit,9399.0,ANCHORAGE,USA,99515,AK,1.402714285,490.95,490.95,254325.1,172423.22,97.76,19,14.03,169.72,487.16,489.015,155.69,64.0,1785.0,30.16,198.21,516.5320000000003,729.6959999999999,168.05,115.36,35.69,490.205,870.0999999999998,1104.039999999999,454.515,Flagged,True,"Amount is 5.0x higher than the typical $97.76, based on same merchant.",Low,-1.0,97.76,5.02,same merchant,,91.0
E002,John Miller,Customer Success,3001,RED FOX HEAVY DUTY WHITEHORSE YT,1,2/6/2026,2/5/2026,RED FOX HEAVY DUTY,675.63,Debit,5533.0,WHITEHORSE,CAN,Y1A 2T9,YT,0.0,675.63,675.63,165219.8,183167.22,456.58,2,347.055,566.105,631.82,653.725,219.05,105.32,37.0,57.38,171.11,461.6279999999995,989.5639999999997,113.73000000000002,115.36,35.69,490.205,870.0999999999998,1104.039999999999,454.515,Flagged,True,"Amount is 6.4x higher than the typical $105.32, based on same merchant category.",Medium,-3.0,105.32,6.42,same merchant category,,76.75
E010,Sophia Lee,Operations,3001,KAL-TIRE #699 WHITEHORSE YT,1,2/9/2026,2/5/2026,KAL-TIRE #699,2022.38,Debit,5532.0,WHITEHORSE,CAN,Y1A5L8,YT,0.0,2022.38,2022.38,134355.43,153792.33,2022.38,1,2022.38,2022.38,2022.38,2022.38,0.0,2192.15,11.0,84.28,35646.24,51182.84,53277.649999999994,35561.96,115.36,35.69,490.205,870.0999999999998,1104.039999999999,454.515,Flagged,True,"Amount is 17.5x higher than the typical $115.36, based on all transactions.",High,-6.0,115.36,17.53,all transactions,,92.25
E008,Olivia Smith,Marketing,3001,VITUS ENERGY -TOK TOK AK,1,2/9/2026,2/8/2026,VITUS ENERGY -TOK,1001.14,Debit,5541.0,TOK,USA,99780,AK,1.407024299,1001.14,1001.14,164813.65,190018.44,354.37,10,174.945,463.03499999999997,559.8249999999998,780.4824999999995,288.09,567.37,1251.0,77.125,842.9200000000001,1062.47,1172.1,765.7950000000001,115.36,35.69,490.205,870.0999999999998,1104.039999999999,454.515,Flagged,True,"Amount is 2.8x higher than the typical $354.37, based on same merchant.",Low,-1.0,354.37,2.83,same merchant,,85.0
E001,Sarah Chen,Marketing,3001,YG TRANSPORT SERVICES WHITEHORSE YT,1,2/9/2026,2/8/2026,YG TRANSPORT SERVICES,1386.73,Debit,9399.0,WHITEHORSE,CAN,Y1A2C6,YT,0.0,1386.73,1386.73,120204.99,190018.44,286.4,7,44.415,1265.04,1380.79,1383.76,1220.625,64.0,1785.0,30.16,198.21,516.5320000000003,729.6959999999999,168.05,115.36,35.69,490.205,870.0999999999998,1104.039999999999,454.515,Flagged,True,"Amount is 21.7x higher than the typical $64.00, based on same merchant category.",Severe,-10.0,64.0,21.67,same merchant category,,63.25
E003,Alex Johnson,Engineering,3001,OKC SIZE & WEIGHTS PER OKLAHOMA CITY OK,1,2/10/2026,2/9/2026,OKC SIZE & WEIGHTS PER,2329.57,Debit,9399.0,OKLAHOMA CITY,USA,73105,OK,1.407017056,2329.57,2329.57,127197.98,268268.41,383.21500000000003,100,62.915,897.825,2284.4880000000003,2326.777,834.9100000000001,64.0,1785.0,30.16,198.21,516.5320000000003,729.6959999999999,168.05,115.36,35.69,490.205,870.0999999999998,1104.039999999999,454.515,Flagged,True,"Amount is 6.1x higher than the typical $383.22, based on same merchant.",Low,-1.0,383.22,6.08,same merchant,,99.0
E003,Alex Johnson,Marketing,3001,MNDOT OSOW PERMITS FEE ATLANTA GA,1,2/11/2026,2/10/2026,MNDOT OSOW PERMITS FEE,12.68,Debit,9399.0,ATLANTA,USA,303285588,GA,1.402654867,12.68,12.68,127197.98,190018.44,3.035,24,1.1575,6.01,12.701,13.568499999999998,4.8525,64.0,1785.0,30.16,198.21,516.5320000000003,729.6959999999999,168.05,115.36,35.69,490.205,870.0999999999998,1104.039999999999,454.515,Flagged,True,"Amount is 4.2x higher than the typical $3.04, based on same merchant.",Low,-1.0,3.04,4.18,same merchant,,98.75
E005,Daniel Kim,Human Resources,3001,DOTD TRUCK PERMIT OFFI BATON ROUGE LA,1,2/11/2026,2/10/2026,DOTD TRUCK PERMIT OFFI,666.24,Debit,9399.0,BATON ROUGE,USA,708024438,LA,1.402610526,666.24,666.24,128756.43,154899.96,666.24,3,361.40500000000003,784.9,856.096,879.828,423.49499999999995,64.0,1785.0,30.16,198.21,516.5320000000003,729.6959999999999,168.05,115.36,35.69,490.205,870.0999999999998,1104.039999999999,454.515,Flagged,True,"Amount is 10.4x higher than the typical $64.00, based on same merchant category.",Medium,-3.0,64.0,10.41,same merchant category,,97.0
E008,Olivia Smith,Product,3001,YG TRANSPORT SERVICES WHITEHORSE YT,1,2/12/2026,2/11/2026,YG TRANSPORT SERVICES,1376.83,Debit,9399.0,WHITEHORSE,CAN,Y1A2C6,YT,0.0,1376.83,1376.83,164813.65,130828.39,286.4,7,44.415,1265.04,1380.79,1383.76,1220.625,64.0,1785.0,30.16,198.21,516.5320000000003,729.6959999999999,168.05,115.36,35.69,490.205,870.0999999999998,1104.039999999999,454.515,Flagged,True,"Amount is 21.5x higher than the typical $64.00, based on same merchant category.",Severe,-10.0,64.0,21.51,same merchant category,,77.0
E001,Sarah Chen,Human Resources,3001,PAYSIMPLY/ALBERTA FUEL OTTAWA ON,1,2/13/2026,2/12/2026,PAYSIMPLY/ALBERTA FUEL,1669.48,Debit,9311.0,OTTAWA,CAN,K2K3E7,ON,0.0,1669.48,1669.48,120204.99,154899.96,1669.48,1,1669.48,1669.48,1669.48,1669.48,0.0,496.52,5.0,189.63,646.81,1260.412,1464.946,457.17999999999995,115.36,35.69,490.205,870.0999999999998,1104.039999999999,454.515,Flagged,True,"Amount is 14.5x higher than the typical $115.36, based on all transactions.",Medium,-3.0,115.36,14.47,all transactions,,61.5
E001,Sarah Chen,Customer Success,3001,FLYING J 576 NORTHFIELD MN,1,2/13/2026,2/11/2026,FLYING J 576,658.28,Debit,5542.0,NORTHFIELD,USA,55057,MN,1.39616959,658.28,658.28,120204.99,183167.22,502.36,3,271.245,580.3199999999999,627.096,642.688,309.07499999999993,114.36,91.0,22.92,251.435,508.35,628.595,228.515,115.36,35.69,490.205,870.0999999999998,1104.039999999999,454.515,Flagged,True,"Amount is 5.8x higher than the typical $114.36, based on same merchant category.",Low,-1.0,114.36,5.76,same merchant category,,60.75
E006,Maya Patel,Marketing,3001,INTUIT *QuickBooks TORONTO ON,1,2/16/2026,2/14/2026,INTUIT *QuickBooks,1286.25,Debit,5734.0,TORONTO,CAN,M5V 0S8,ON,0.0,1286.25,1286.25,254325.1,190018.44,141.75,8,141.75,141.75,485.0999999999998,885.6749999999994,0.0,120.75,29.0,47.25,141.75,141.75,141.75,94.5,115.36,35.69,490.205,870.0999999999998,1104.039999999999,454.515,Flagged,True,"Amount is 9.1x higher than the typical $141.75, based on same merchant.",High,-6.0,141.75,9.07,same merchant,,89.75
E002,John Miller,Engineering,3001,BAUER BUILT 094 BLAINE MINNEAPOLIS MN,1,2/16/2026,2/13/2026,BAUER BUILT 094 BLAINE,2192.15,Debit,5532.0,MINNEAPOLIS,USA,55449,MN,1.398099429,2192.15,2192.15,165219.8,268268.41,2192.15,1,2192.15,2192.15,2192.15,2192.15,0.0,2192.15,11.0,84.28,35646.24,51182.84,53277.649999999994,35561.96,115.36,35.69,490.205,870.0999999999998,1104.039999999999,454.515,Flagged,True,"Amount is 19.0x higher than the typical $115.36, based on all transactions.",High,-6.0,115.36,19.0,all transactions,,78.75
E001,Sarah Chen,Engineering,3001,NIC*OVERSIZEWEIGHTPERM MADISON WI,1,2/17/2026,2/16/2026,NIC*OVERSIZEWEIGHTPERM,193.17,Debit,9399.0,MADISON,USA,53703,WI,1.39806036,193.17,193.17,120204.99,268268.41,28.97,9,28.77,29.45,101.95400000000002,147.56199999999995,0.6799999999999997,64.0,1785.0,30.16,198.21,516.5320000000003,729.6959999999999,168.05,115.36,35.69,490.205,870.0999999999998,1104.039999999999,454.515,Flagged,True,"Amount is 6.7x higher than the typical $28.97, based on same merchant.",High,-6.0,28.97,6.67,same merchant,,57.0
E009,Noah Garcia,Engineering,3001,MNA*MICHELIN CANADA LAVAL QC,1,2/18/2026,2/17/2026,MNA*MICHELIN CANADA,28638.71,Debit,5532.0,LAVAL,CAN,H7T 2P6,QC,0.0,28638.71,28638.71,158381.97,268268.41,39053.81,5,32238.67,51182.84,53696.612,54534.536,18944.17,2192.15,11.0,84.28,35646.24,51182.84,53277.649999999994,35561.96,115.36,35.69,490.205,870.0999999999998,1104.039999999999,454.515,Flagged,True,"Amount is 248.3x higher than the typical $115.36, based on all transactions.",Severe,-10.0,115.36,248.26,all transactions,,90.0
E004,Emma Wilson,Human Resources,3001,UBER CANADA/UBERTRIP TORONTO ON,1,2/20/2026,2/19/2026,UBER CANADA/UBERTRIP,56.46,Debit,4121.0,TORONTO,CAN,M5K1A0,ON,0.0,56.46,56.46,114400.93,154899.96,17.99,11,9.95,25.715,31.56,44.01,15.765,139.99,32.0,20.759999999999998,232.6825,497.77300000000014,798.7609999999996,211.9225,115.36,35.69,490.205,870.0999999999998,1104.039999999999,454.515,Flagged,True,"Amount is 3.1x higher than the typical $17.99, based on same merchant.",Low,-1.0,17.99,3.14,same merchant,,99.0
E006,Maya Patel,Customer Success,3001,ALBERTA MOTOR TRANSPOR ROCKY VIEW CO AB,1,2/20/2026,2/19/2026,ALBERTA MOTOR TRANSPOR,2058.0,Debit,8675.0,ROCKY VIEW CO,CAN,T1X 0K3,AB,0.0,2058.0,2058.0,254325.1,183167.22,1029.0,3,546.0,1543.5,1852.2,1955.1,997.5,1029.0,3.0,546.0,1543.5,1852.2,1955.1,997.5,115.36,35.69,490.205,870.0999999999998,1104.039999999999,454.515,Flagged,True,"Amount is 17.8x higher than the typical $115.36, based on all transactions.",High,-6.0,115.36,17.84,all transactions,,86.0
E001,Sarah Chen,Marketing,3001,CCD ORION FEE SALEM OR,1,2/20/2026,2/19/2026,CCD ORION FEE,8.12,Debit,9399.0,SALEM,USA,973015397,OR,1.402417962,8.12,8.12,120204.99,190018.44,2.7550000000000003,10,0.27,7.949999999999999,10.570999999999998,11.475499999999998,7.68,64.0,1785.0,30.16,198.21,516.5320000000003,729.6959999999999,168.05,115.36,35.69,490.205,870.0999999999998,1104.039999999999,454.515,Flagged,True,"Amount is 2.9x higher than the typical $2.76, based on same merchant.",Low,-1.0,2.76,2.95,same merchant,,58.25
E010,Sophia Lee,Engineering,3001,OKC SIZE & WEIGHTS PER OKLAHOMA CITY OK,1,2/23/2026,2/20/2026,OKC SIZE & WEIGHTS PER,2458.93,Debit,9399.0,OKLAHOMA CITY,USA,73105,OK,1.405681194,2458.93,2458.93,134355.43,268268.41,383.21500000000003,100,62.915,897.825,2284.4880000000003,2326.777,834.9100000000001,64.0,1785.0,30.16,198.21,516.5320000000003,729.6959999999999,168.05,115.36,35.69,490.205,870.0999999999998,1104.039999999999,454.515,Flagged,True,"Amount is 6.4x higher than the typical $383.22, based on same merchant.",Low,-1.0,383.22,6.42,same merchant,,97.0
E010,Sophia Lee,Sales,3001,FLYING J 725 BAYTOWN TX,1,2/23/2026,2/20/2026,FLYING J 725,977.57,Debit,5541.0,BAYTOWN,USA,77521,TX,1.405685609,977.57,977.57,134355.43,172423.22,349.09,21,317.55,475.03,971.84,974.94,157.47999999999996,567.37,1251.0,77.125,842.9200000000001,1062.47,1172.1,765.7950000000001,115.36,35.69,490.205,870.0999999999998,1104.039999999999,454.515,Flagged,True,"Amount is 2.8x higher than the typical $349.09, based on same merchant.",Low,-1.0,349.09,2.8,same merchant,,96.5
E007,Lucas Brown,Finance,3001,OKC SIZE & WEIGHTS PER OKLAHOMA CITY OK,1,2/23/2026,2/21/2026,OKC SIZE & WEIGHTS PER,2298.12,Debit,9399.0,OKLAHOMA CITY,USA,73105,OK,1.40568115,2298.12,2298.12,144055.28,258313.59,383.21500000000003,100,62.915,897.825,2284.4880000000003,2326.777,834.9100000000001,64.0,1785.0,30.16,198.21,516.5320000000003,729.6959999999999,168.05,115.36,35.69,490.205,870.0999999999998,1104.039999999999,454.515,Flagged,True,"Amount is 6.0x higher than the typical $383.22, based on same merchant.",Low,-1.0,383.22,6.0,same merchant,,63.25
E005,Daniel Kim,Product,3001,IN *TRIO NETS INC. HOUSTON TX,1,2/23/2026,2/20/2026,IN *TRIO NETS INC.,4239.38,Debit,5085.0,HOUSTON,USA,77048,TX,1.406096185,4239.38,4239.38,128756.43,130828.39,4239.38,1,4239.38,4239.38,4239.38,4239.38,0.0,279.34000000000003,16.0,103.0125,472.425,2498.04,3254.2025,369.4125,115.36,35.69,490.205,870.0999999999998,1104.039999999999,454.515,Flagged,True,"Amount is 36.7x higher than the typical $115.36, based on all transactions.",Severe,-10.0,115.36,36.75,all transactions,,90.0
E007,Lucas Brown,Sales,3001,SD DEPT OF TRANS OPS PIERRE SD,1,2/23/2026,2/20/2026,SD DEPT OF TRANS OPS,588.27,Debit,9399.0,PIERRE,USA,57501,SD,1.406099863,588.27,588.27,144055.28,172423.22,114.37,131,35.99,178.535,502.5,652.2,142.545,64.0,1785.0,30.16,198.21,516.5320000000003,729.6959999999999,168.05,115.36,35.69,490.205,870.0999999999998,1104.039999999999,454.515,Flagged,True,"Amount is 5.1x higher than the typical $114.37, based on same merchant.",Low,-1.0,114.37,5.14,same merchant,,62.25
E003,Alex Johnson,Sales,3001,NDHP-E PERMIT BISMARCK ND,1,2/23/2026,2/22/2026,NDHP-E PERMIT,598.15,Debit,9399.0,BISMARCK,USA,58505,ND,1.406088387,598.15,598.15,127197.98,172423.22,40.075,134,39.61,79.7775,452.40600000000006,583.7589999999999,40.167500000000004,64.0,1785.0,30.16,198.21,516.5320000000003,729.6959999999999,168.05,115.36,35.69,490.205,870.0999999999998,1104.039999999999,454.515,Flagged,True,"Amount is 14.9x higher than the typical $40.08, based on same merchant.",Medium,-3.0,40.08,14.93,same merchant,,97.0
E008,Olivia Smith,Operations,3001,MTO TSD PRIO PER & REG ST. CATHARINE ON,1,2/23/2026,2/20/2026,MTO TSD PRIO PER & REG,1000.0,Debit,9399.0,ST. CATHARINE,CAN,L2R7R4,ON,0.0,1000.0,1000.0,164813.65,153792.33,500.0,5,500.0,500.0,800.0,899.9999999999999,0.0,64.0,1785.0,30.16,198.21,516.5320000000003,729.6959999999999,168.05,115.36,35.69,490.205,870.0999999999998,1104.039999999999,454.515,Flagged,True,"Amount is 15.6x higher than the typical $64.00, based on same merchant category.",High,-6.0,64.0,15.62,same merchant category,,75.75
E008,Olivia Smith,Sales,3001,MNDOT OSOW PERMITS SAINT PAUL MN,1,2/24/2026,2/23/2026,MNDOT OSOW PERMITS,638.51,Debit,9399.0,SAINT PAUL,USA,551551800,MN,1.405666607,638.51,638.51,164813.65,172423.22,141.20499999999998,24,53.9,279.5525,590.637,630.9629999999999,225.6525,64.0,1785.0,30.16,198.21,516.5320000000003,729.6959999999999,168.05,115.36,35.69,490.205,870.0999999999998,1104.039999999999,454.515,Flagged,True,"Amount is 4.5x higher than the typical $141.20, based on same merchant.",Low,-1.0,141.2,4.52,same merchant,,74.75
E003,Alex Johnson,Finance,3001,MNDOT OSOW PERMITS FEE ATLANTA GA,1,2/24/2026,2/23/2026,MNDOT OSOW PERMITS FEE,12.71,Debit,9399.0,ATLANTA,USA,303285588,GA,1.405973451,12.71,12.71,127197.98,258313.59,3.035,24,1.1575,6.01,12.701,13.568499999999998,4.8525,64.0,1785.0,30.16,198.21,516.5320000000003,729.6959999999999,168.05,115.36,35.69,490.205,870.0999999999998,1104.039999999999,454.515,Flagged,True,"Amount is 4.2x higher than the typical $3.04, based on same merchant.",Low,-1.0,3.04,4.19,same merchant,,96.0
E002,John Miller,Product,3001,MNDOT OSOW PERMITS FEE ATLANTA GA,1,2/24/2026,2/23/2026,MNDOT OSOW PERMITS FEE,13.74,Debit,9399.0,ATLANTA,USA,303285588,GA,1.406345957,13.74,13.74,165219.8,130828.39,3.035,24,1.1575,6.01,12.701,13.568499999999998,4.8525,64.0,1785.0,30.16,198.21,516.5320000000003,729.6959999999999,168.05,115.36,35.69,490.205,870.0999999999998,1104.039999999999,454.515,Flagged,True,"Amount is 4.5x higher than the typical $3.04, based on same merchant.",Low,-1.0,3.04,4.53,same merchant,,83.5
E001,Sarah Chen,Operations,3001,MNDOT OSOW PERMITS SAINT PAUL MN,1,2/25/2026,2/24/2026,MNDOT OSOW PERMITS,638.01,Debit,9399.0,SAINT PAUL,USA,551551800,MN,1.404565868,638.01,638.01,120204.99,153792.33,141.20499999999998,24,53.9,279.5525,590.637,630.9629999999999,225.6525,64.0,1785.0,30.16,198.21,516.5320000000003,729.6959999999999,168.05,115.36,35.69,490.205,870.0999999999998,1104.039999999999,454.515,Flagged,True,"Amount is 4.5x higher than the typical $141.20, based on same merchant.",Low,-1.0,141.2,4.52,same merchant,,59.25
E003,Alex Johnson,Human Resources,3001,MNDOT OSOW PERMITS FEE ATLANTA GA,1,2/25/2026,2/24/2026,MNDOT OSOW PERMITS FEE,13.72,Debit,9399.0,ATLANTA,USA,303285588,GA,1.404298874,13.72,13.72,127197.98,154899.96,3.035,24,1.1575,6.01,12.701,13.568499999999998,4.8525,64.0,1785.0,30.16,198.21,516.5320000000003,729.6959999999999,168.05,115.36,35.69,490.205,870.0999999999998,1104.039999999999,454.515,Flagged,True,"Amount is 4.5x higher than the typical $3.04, based on same merchant.",Low,-1.0,3.04,4.52,same merchant,,96.25
E002,John Miller,Product,3001,AB TRANSP 403-340-5075 EDMONTON AB,1,2/26/2026,2/24/2026,AB TRANSP 403-340-5075,988.0,Debit,9399.0,EDMONTON,CAN,T5K2C3,AB,0.0,988.0,988.0,165219.8,130828.39,130.0,158,39.75,366.75,656.5,940.0,327.0,64.0,1785.0,30.16,198.21,516.5320000000003,729.6959999999999,168.05,115.36,35.69,490.205,870.0999999999998,1104.039999999999,454.515,Flagged,True,"Amount is 7.6x higher than the typical $130.00, based on same merchant.",Low,-1.0,130.0,7.6,same merchant,,82.5
E001,Sarah Chen,Engineering,3001,PETRO #325 N BALTIMO NORTH BALTIMO OH,1,2/27/2026,2/26/2026,PETRO #325 N BALTIMO,111.63,Debit,5541.0,NORTH BALTIMO,USA,45872,OH,1.405388392,111.63,111.63,120204.99,268268.41,20.34,9,14.86,33.94,65.46200000000002,88.54599999999998,19.08,567.37,1251.0,77.125,842.9200000000001,1062.47,1172.1,765.7950000000001,115.36,35.69,490.205,870.0999999999998,1104.039999999999,454.515,Flagged,True,"Amount is 5.5x higher than the typical $20.34, based on same merchant.",High,-6.0,20.34,5.49,same merchant,,54.5
E003,Alex Johnson,Product,3001,RIGHT NETWORKS HUDSON NH,1,3/2/2026,2/28/2026,RIGHT NETWORKS,533.81,Debit,4816.0,HUDSON,USA,03051,NH,1.404763157,533.81,533.81,127197.98,130828.39,488.03999999999996,6,486.1625,520.0675,531.98,532.895,33.90499999999997,39.33,106.0,24.557499999999997,96.14750000000001,157.495,437.7975,71.59,115.36,35.69,490.205,870.0999999999998,1104.039999999999,454.515,Flagged,True,"Amount is 13.6x higher than the typical $39.33, based on same merchant category.",Medium,-3.0,39.33,13.57,same merchant category,,96.25
E005,Daniel Kim,Finance,3001,CCD ORION FEE SALEM OR,1,3/2/2026,2/27/2026,CCD ORION FEE,10.37,Debit,9399.0,SALEM,USA,973015397,OR,1.405149051,10.37,10.37,128756.43,258313.59,2.7550000000000003,10,0.27,7.949999999999999,10.570999999999998,11.475499999999998,7.68,64.0,1785.0,30.16,198.21,516.5320000000003,729.6959999999999,168.05,115.36,35.69,490.205,870.0999999999998,1104.039999999999,454.515,Flagged,True,"Amount is 3.8x higher than the typical $2.76, based on same merchant.",Low,-1.0,2.76,3.76,same merchant,,92.75
E002,John Miller,Sales,3001,TA #167 BOISE BOISE ID,1,3/3/2026,3/2/2026,TA #167 BOISE,3021.62,Debit,5541.0,BOISE,USA,83705,ID,1.404764339,3021.62,3021.62,165219.8,172423.22,3021.62,1,3021.62,3021.62,3021.62,3021.62,0.0,567.37,1251.0,77.125,842.9200000000001,1062.47,1172.1,765.7950000000001,115.36,35.69,490.205,870.0999999999998,1104.039999999999,454.515,Flagged,True,"Amount is 5.3x higher than the typical $567.37, based on same merchant category.",Medium,-3.0,567.37,5.33,same merchant category,,82.25
E006,Maya Patel,Marketing,3001,SERVICE FEE FRANKLIN TN,1,3/4/2026,3/3/2026,SERVICE FEE,24.22,Debit,9399.0,FRANKLIN,USA,37067,TN,1.406504065,24.22,24.22,254325.1,190018.44,6.85,32,4.83,8.07,15.629000000000012,24.31,3.24,64.0,1785.0,30.16,198.21,516.5320000000003,729.6959999999999,168.05,115.36,35.69,490.205,870.0999999999998,1104.039999999999,454.515,Flagged,True,"Amount is 3.5x higher than the typical $6.85, based on same merchant.",Low,-1.0,6.85,3.54,same merchant,,94.0
E002,John Miller,Sales,3001,TDOT OSOW PERMITS NASHVILLE TN,1,3/4/2026,3/3/2026,TDOT OSOW PERMITS,1030.72,Debit,9399.0,NASHVILLE,USA,37243,TN,1.406396681,1030.72,1030.72,165219.8,172423.22,291.37,32,205.6875,343.455,665.0500000000004,1034.4595,137.76749999999998,64.0,1785.0,30.16,198.21,516.5320000000003,729.6959999999999,168.05,115.36,35.69,490.205,870.0999999999998,1104.039999999999,454.515,Flagged,True,"Amount is 3.5x higher than the typical $291.37, based on same merchant.",Medium,-3.0,291.37,3.54,same merchant,,79.25
E003,Alex Johnson,Marketing,3001,SASK PERMIT OFFICE REGINA SK,1,3/4/2026,3/2/2026,SASK PERMIT OFFICE,2000.0,Debit,9399.0,REGINA,CAN,S4X4C9,SK,0.0,2000.0,2000.0,127197.98,190018.44,2000.0,1,2000.0,2000.0,2000.0,2000.0,0.0,64.0,1785.0,30.16,198.21,516.5320000000003,729.6959999999999,168.05,115.36,35.69,490.205,870.0999999999998,1104.039999999999,454.515,Flagged,True,"Amount is 31.2x higher than the typical $64.00, based on same merchant category.",Severe,-10.0,64.0,31.25,same merchant category,,88.25
E008,Olivia Smith,Finance,3001,WSDOT COMMERCIAL VEHIC TUMWATER WA,1,3/4/2026,3/3/2026,WSDOT COMMERCIAL VEHIC,4132.48,Debit,9399.0,TUMWATER,USA,98504,WA,1.405787142,4132.48,4132.48,164813.65,258313.59,62.795,64,43.5375,811.2125000000001,1490.7920000000001,1680.8199999999988,767.6750000000001,64.0,1785.0,30.16,198.21,516.5320000000003,729.6959999999999,168.05,115.36,35.69,490.205,870.0999999999998,1104.039999999999,454.515,Flagged,True,"Amount is 65.8x higher than the typical $62.80, based on same merchant.",Severe,-10.0,62.8,65.81,same merchant,,69.25
E001,Sarah Chen,Engineering,3001,WSDOT COMMERCIAL VEHIC TUMWATER WA,1,3/4/2026,3/3/2026,WSDOT COMMERCIAL VEHIC,2058.95,Debit,9399.0,TUMWATER,USA,98504,WA,1.404764991,2058.95,2058.95,120204.99,268268.41,62.795,64,43.5375,811.2125000000001,1490.7920000000001,1680.8199999999988,767.6750000000001,64.0,1785.0,30.16,198.21,516.5320000000003,729.6959999999999,168.05,115.36,35.69,490.205,870.0999999999998,1104.039999999999,454.515,Flagged,True,"Amount is 32.8x higher than the typical $62.80, based on same merchant.",Low,-1.0,62.8,32.79,same merchant,,57.5
E001,Sarah Chen,Finance,3001,ILLINOIS DEPARTMENT OF SPRINGFIELD IL,1,3/5/2026,3/4/2026,ILLINOIS DEPARTMENT OF,710.79,Debit,9399.0,SPRINGFIELD,USA,62764,IL,1.409989883,710.79,710.79,120204.99,258313.59,188.06,39,96.95,301.755,701.1800000000001,753.1640000000006,204.805,64.0,1785.0,30.16,198.21,516.5320000000003,729.6959999999999,168.05,115.36,35.69,490.205,870.0999999999998,1104.039999999999,454.515,Flagged,True,"Amount is 3.8x higher than the typical $188.06, based on same merchant.",Low,-1.0,188.06,3.78,same merchant,,56.75
E007,Lucas Brown,Marketing,3001,SD DEPT OF TRANS OPS PIERRE SD,1,3/6/2026,3/5/2026,SD DEPT OF TRANS OPS,678.5,Debit,9399.0,PIERRE,USA,57501,SD,1.404558345,678.5,678.5,144055.28,190018.44,114.37,131,35.99,178.535,502.5,652.2,142.545,64.0,1785.0,30.16,198.21,516.5320000000003,729.6959999999999,168.05,115.36,35.69,490.205,870.0999999999998,1104.039999999999,454.515,Flagged,True,"Amount is 5.9x higher than the typical $114.37, based on same merchant.",Medium,-3.0,114.37,5.93,same merchant,,66.0
E005,Daniel Kim,Engineering,3001,IA DOT MOTOR CARRIER S ANKENY IA,1,3/6/2026,3/4/2026,IA DOT MOTOR CARRIER S,332.18,Debit,9399.0,ANKENY,USA,50021,IA,1.404566596,332.18,332.18,128756.43,268268.41,147.84,51,83.005,174.67,332.18,366.29499999999996,91.66499999999999,64.0,1785.0,30.16,198.21,516.5320000000003,729.6959999999999,168.05,115.36,35.69,490.205,870.0999999999998,1104.039999999999,454.515,Flagged,True,"Amount is 2.2x higher than the typical $147.84, based on same merchant.",Low,-1.0,147.84,2.25,same merchant,,93.75
E002,John Miller,Customer Success,3001,MNA*MICHELIN CANADA LAVAL QC,1,3/9/2026,3/6/2026,MNA*MICHELIN CANADA,32238.67,Debit,5532.0,LAVAL,CAN,H7T 2P6,QC,0.0,32238.67,32238.67,165219.8,183167.22,39053.81,5,32238.67,51182.84,53696.612,54534.536,18944.17,2192.15,11.0,84.28,35646.24,51182.84,53277.649999999994,35561.96,115.36,35.69,490.205,870.0999999999998,1104.039999999999,454.515,Flagged,True,"Amount is 279.5x higher than the typical $115.36, based on all transactions.",Severe,-10.0,115.36,279.46,all transactions,,72.25
E002,John Miller,Product,3001,FLYING J 893 AVOCA IA,1,3/9/2026,3/6/2026,FLYING J 893,696.02,Debit,5542.0,AVOCA,USA,51521,IA,1.40610101,696.02,696.02,165219.8,130828.39,651.0699999999999,6,490.425,902.2025,1014.9549999999999,1036.9675,411.7775,114.36,91.0,22.92,251.435,508.35,628.595,228.515,115.36,35.69,490.205,870.0999999999998,1104.039999999999,454.515,Flagged,True,"Amount is 6.1x higher than the typical $114.36, based on same merchant category.",Low,-1.0,114.36,6.09,same merchant category,,71.5
E006,Maya Patel,Finance,3001,NDHP-E PERMIT BISMARCK ND,1,3/9/2026,3/7/2026,NDHP-E PERMIT,576.01,Debit,9399.0,BISMARCK,USA,58505,ND,1.404559863,576.01,576.01,254325.1,258313.59,40.075,134,39.61,79.7775,452.40600000000006,583.7589999999999,40.167500000000004,64.0,1785.0,30.16,198.21,516.5320000000003,729.6959999999999,168.05,115.36,35.69,490.205,870.0999999999998,1104.039999999999,454.515,Flagged,True,"Amount is 14.4x higher than the typical $40.08, based on same merchant.",Medium,-3.0,40.08,14.37,same merchant,,93.0
E010,Sophia Lee,Customer Success,3001,TDOT OSOW PERMITS NASHVILLE TN,1,3/10/2026,3/9/2026,TDOT OSOW PERMITS,1072.78,Debit,9399.0,NASHVILLE,USA,37243,TN,1.395032509,1072.78,1072.78,134355.43,183167.22,291.37,32,205.6875,343.455,665.0500000000004,1034.4595,137.76749999999998,64.0,1785.0,30.16,198.21,516.5320000000003,729.6959999999999,168.05,115.36,35.69,490.205,870.0999999999998,1104.039999999999,454.515,Flagged,True,"Amount is 3.7x higher than the typical $291.37, based on same merchant.",Medium,-3.0,291.37,3.68,same merchant,,97.0
E008,Olivia Smith,Operations,3001,SERVICE FEE FRANKLIN TN,1,3/10/2026,3/9/2026,SERVICE FEE,25.2,Debit,9399.0,FRANKLIN,USA,37067,TN,1.394576646,25.2,25.2,164813.65,153792.33,6.85,32,4.83,8.07,15.629000000000012,24.31,3.24,64.0,1785.0,30.16,198.21,516.5320000000003,729.6959999999999,168.05,115.36,35.69,490.205,870.0999999999998,1104.039999999999,454.515,Flagged,True,"Amount is 3.7x higher than the typical $6.85, based on same merchant.",Low,-1.0,6.85,3.68,same merchant,,71.25
E006,Maya Patel,Marketing,3001,IA DOT MOTOR CARRIER S ANKENY IA,1,3/12/2026,3/11/2026,IA DOT MOTOR CARRIER S,340.94,Debit,9399.0,ANKENY,USA,50021,IA,1.394437627,340.94,340.94,254325.1,190018.44,147.84,51,83.005,174.67,332.18,366.29499999999996,91.66499999999999,64.0,1785.0,30.16,198.21,516.5320000000003,729.6959999999999,168.05,115.36,35.69,490.205,870.0999999999998,1104.039999999999,454.515,Flagged,True,"Amount is 2.3x higher than the typical $147.84, based on same merchant.",Low,-1.0,147.84,2.31,same merchant,,93.25
E005,Daniel Kim,Operations,3001,ILLINOIS DEPARTMENT OF SPRINGFIELD IL,1,3/12/2026,3/11/2026,ILLINOIS DEPARTMENT OF,710.74,Debit,9399.0,SPRINGFIELD,USA,62764,IL,1.394428094,710.74,710.74,128756.43,153792.33,188.06,39,96.95,301.755,701.1800000000001,753.1640000000006,204.805,64.0,1785.0,30.16,198.21,516.5320000000003,729.6959999999999,168.05,115.36,35.69,490.205,870.0999999999998,1104.039999999999,454.515,Flagged,True,"Amount is 3.8x higher than the typical $188.06, based on same merchant.",Low,-1.0,188.06,3.78,same merchant,,96.5
E004,Emma Wilson,Finance,3001,NV DOT-PERMITS CARSON CITY NV,1,3/16/2026,3/13/2026,NV DOT-PERMITS,104.83,Debit,9399.0,CARSON CITY,USA,98712,NV,1.397733333,104.83,104.83,114400.93,258313.59,35.27,15,35.155,35.955,70.14399999999999,80.65899999999996,0.7999999999999972,64.0,1785.0,30.16,198.21,516.5320000000003,729.6959999999999,168.05,115.36,35.69,490.205,870.0999999999998,1104.039999999999,454.515,Flagged,True,"Amount is 3.0x higher than the typical $35.27, based on same merchant.",Medium,-3.0,35.27,2.97,same merchant,,97.0
E010,Sophia Lee,Operations,3001,AB TRANSP 403-340-5075 EDMONTON AB,1,3/16/2026,3/12/2026,AB TRANSP 403-340-5075,1465.0,Debit,9399.0,EDMONTON,CAN,T5K2C3,AB,0.0,1465.0,1465.0,134355.43,153792.33,130.0,158,39.75,366.75,656.5,940.0,327.0,64.0,1785.0,30.16,198.21,516.5320000000003,729.6959999999999,168.05,115.36,35.69,490.205,870.0999999999998,1104.039999999999,454.515,Flagged,True,"Amount is 11.3x higher than the typical $130.00, based on same merchant.",High,-6.0,130.0,11.27,same merchant,,94.0
E007,Lucas Brown,Marketing,3001,VCN*IDAHODOT BOISE ID,1,3/16/2026,3/13/2026,VCN*IDAHODOT,279.56,Debit,9399.0,BOISE,USA,83703,ID,1.40836272,279.56,279.56,144055.28,190018.44,86.99,47,64.055,131.06,202.62999999999997,239.34499999999989,67.005,64.0,1785.0,30.16,198.21,516.5320000000003,729.6959999999999,168.05,115.36,35.69,490.205,870.0999999999998,1104.039999999999,454.515,Flagged,True,"Amount is 3.2x higher than the typical $86.99, based on same merchant.",Medium,-3.0,86.99,3.21,same merchant,,69.25
E010,Sophia Lee,Human Resources,3001,NORTHWESTERN ENE 8884672669 SD,1,3/16/2026,3/13/2026,NORTHWESTERN ENE,3498.07,Debit,4900.0,8884672669,USA,57108,SD,1.39769054,3498.07,3498.07,134355.43,154899.96,1806.1950000000002,2,960.2574999999999,2652.1325,3159.695,3328.8825,1691.8750000000002,1806.1950000000002,2.0,960.2574999999999,2652.1325,3159.695,3328.8825,1691.8750000000002,115.36,35.69,490.205,870.0999999999998,1104.039999999999,454.515,Flagged,True,"Amount is 30.3x higher than the typical $115.36, based on all transactions.",Severe,-10.0,115.36,30.32,all transactions,,84.75
E003,Alex Johnson,Customer Success,3001,IN *1660504 ALBERTA LT CALGARY AB,1,3/25/2026,3/24/2026,IN *1660504 ALBERTA LT,4995.38,Debit,1799.0,CALGARY,CAN,T2C 2P9,AB,0.0,4995.38,4995.38,127197.98,183167.22,4995.38,1,4995.38,4995.38,4995.38,4995.38,0.0,4995.38,1.0,4995.38,4995.38,4995.38,4995.38,0.0,115.36,35.69,490.205,870.0999999999998,1104.039999999999,454.515,Flagged,True,"Amount is 43.3x higher than the typical $115.36, based on all transactions.",Severe,-10.0,115.36,43.3,all transactions,,88.5
E007,Lucas Brown,Product,3001,PILOT 924 BUTTE MT,1,3/26/2026,3/25/2026,PILOT 924,700.73,Debit,5542.0,BUTTE,USA,59701,MT,1.415616161,700.73,700.73,144055.28,130828.39,780.53,6,636.2674999999999,883.4825000000001,1057.4250000000002,1140.5375000000001,247.21500000000015,114.36,91.0,22.92,251.435,508.35,628.595,228.515,115.36,35.69,490.205,870.0999999999998,1104.039999999999,454.515,Flagged,True,"Amount is 6.1x higher than the typical $114.36, based on same merchant category.",Low,-1.0,114.36,6.13,same merchant category,,72.25
